"id","title","release_date","popularity","vote_average","vote_count","budget","revenue","runtime","Year","Film","Producer(s)","Year_Numeric","Is_Oscar_Winner"
10867,"Malena","2000-10-27",310.2717,7.429,2495,0,14493284,108,NA,NA,NA,NA,"No"
98,"Gladiator","2000-05-04",18.1786,8.225,20801,103000000,465516248,155,"2000(73rd)","Gladiator","Douglas Wick, David Franzoni, and Branko Lustig",2000,"Yes"
4247,"Scary Movie","2000-07-07",15.0388,6.39,7710,19000000,278023280,88,NA,NA,NA,NA,"No"
1359,"American Psycho","2000-04-13",10.7801,7.408,12218,7000000,34269748,102,NA,NA,NA,NA,"No"
11688,"The Emperor's New Groove","2000-12-15",10.7331,7.558,7260,100000000,169327687,78,NA,NA,NA,NA,"No"
77,"Memento","2000-10-11",10.4553,8.177,16151,9000000,40060108,113,NA,NA,NA,NA,"No"
16366,"Joseph: King of Dreams","2000-11-07",10.4518,6.9,1066,0,0,74,NA,NA,NA,NA,"No"
4327,"Charlie's Angels","2000-11-02",8.6804,5.853,4492,92000000,264105545,98,NA,NA,NA,NA,"No"
107,"Snatch","2000-09-01",8.6729,7.821,9927,100000000,83557872,103,NA,NA,NA,NA,"No"
843,"In the Mood for Love","2000-09-29",8.4902,8.088,3233,3000000,15867968,99,NA,NA,NA,NA,"No"
3134,"Baise-moi","2000-06-28",7.9066,4.837,484,0,940944,77,NA,NA,NA,NA,"No"
8358,"Cast Away","2000-12-22",7.8639,7.661,12221,90000000,429632142,143,NA,NA,NA,NA,"No"
9532,"Final Destination","2000-03-17",7.326,6.635,6628,23000000,112880294,98,NA,NA,NA,NA,"No"
11678,"Vertical Limit","2000-12-08",7.3175,5.993,1136,75000000,215663859,124,NA,NA,NA,NA,"No"
1907,"The Beach","2000-02-03",7.133,6.484,4691,40000000,144056873,119,NA,NA,NA,NA,"No"
955,"Mission: Impossible II","2000-05-24",6.9736,6.144,7533,125000000,546388108,123,NA,NA,NA,NA,"No"
8871,"How the Grinch Stole Christmas","2000-11-17",6.7674,6.779,8249,123000000,345800000,105,NA,NA,NA,NA,"No"
146,"Crouching Tiger, Hidden Dragon","2000-07-06",6.5719,7.435,3544,17000000,213978518,120,NA,NA,NA,NA,"No"
7443,"Chicken Run","2000-06-23",6.49,6.84,5383,45000000,224834564,84,NA,NA,NA,NA,"No"
5458,"Cruel Intentions 2","2000-11-09",6.3837,5.077,424,0,0,87,NA,NA,NA,NA,"No"
4234,"Scream 3","2000-02-04",6.3174,6.009,4023,40000000,161838076,116,NA,NA,NA,NA,"No"
6282,"Coyote Ugly","2000-07-30",6.0772,6.263,2266,45000000,113900000,100,NA,NA,NA,NA,"No"
10501,"The Road to El Dorado","2000-03-31",6.0031,7.256,4022,95000000,76400000,89,NA,NA,NA,NA,"No"
2123,"Me, Myself & Irene","2000-06-22",5.9733,6.6,4219,51000000,149270999,117,NA,NA,NA,NA,"No"
9383,"Hollow Man","2000-08-04",5.9488,5.961,2752,95000000,190213455,112,NA,NA,NA,NA,"No"
3981,"What Women Want","2000-12-15",5.9469,6.5,4361,70000000,374100000,127,NA,NA,NA,NA,"No"
2024,"The Patriot","2000-06-28",5.881,7.185,4274,110000000,215294342,165,NA,NA,NA,NA,"No"
641,"Requiem for a Dream","2000-10-06",5.832,8.012,10915,4500000,7390108,102,NA,NA,NA,NA,"No"
20677,"Detective Conan: Captured in Her Eyes","2000-04-22",5.6605,7.4,199,0,23211413,100,NA,NA,NA,NA,"No"
9741,"Unbreakable","2000-11-22",5.6565,7.144,9892,75000000,248118121,106,NA,NA,NA,NA,"No"
10637,"Remember the Titans","2000-09-29",5.6022,7.641,2918,30000000,136700000,113,NA,NA,NA,NA,"No"
1597,"Meet the Parents","2000-10-06",5.5648,6.694,6362,55000000,330444045,108,NA,NA,NA,NA,"No"
10991,"Pokémon 3: The Movie","2000-07-08",5.535,6.5,681,16000000,68452128,73,NA,NA,NA,NA,"No"
9679,"Gone in Sixty Seconds","2000-06-09",5.5241,6.457,4842,90000000,237200000,118,NA,NA,NA,NA,"No"
3176,"Battle Royale","2000-12-16",5.5145,7.269,3794,4500000,30600000,113,NA,NA,NA,NA,"No"
10567,"Dinosaur","2000-05-19",5.2995,6.557,2723,127500000,354248063,82,NA,NA,NA,NA,"No"
9600,"Big Momma's House","2000-05-31",5.108,5.817,2453,30000000,173959438,98,NA,NA,NA,NA,"No"
40096,"A Dog's Will","2000-09-15",4.9982,8.41,1218,0,4903192,104,NA,NA,NA,NA,"No"
392,"Chocolat","2000-12-22",4.9219,6.973,3495,25000000,152700626,121,NA,NA,NA,NA,"No"
2133,"The Perfect Storm","2000-06-29",4.8993,6.481,2542,130000000,328718434,130,NA,NA,NA,NA,"No"
479,"Shaft","2000-06-15",4.6885,6.009,1442,46000000,107626125,99,NA,NA,NA,NA,"No"
9285,"Road Trip","2000-05-19",4.674,6.239,2170,16000000,119754278,93,NA,NA,NA,NA,"No"
2655,"What Lies Beneath","2000-07-21",4.6677,6.436,2015,100000000,291420351,130,NA,NA,NA,NA,"No"
25538,"Yi Yi","2000-09-20",4.6578,7.949,665,0,1528767,174,NA,NA,NA,NA,"No"
1493,"Miss Congeniality","2000-12-22",4.6056,6.522,4210,45000000,2.12e+08,110,NA,NA,NA,NA,"No"
462,"Erin Brockovich","2000-03-17",4.5857,7.435,3626,52000000,256271286,131,NA,NA,NA,NA,"No"
1636,"Bedazzled","2000-10-19",4.564,6.102,2100,48000000,90383208,93,NA,NA,NA,NA,"No"
786,"Almost Famous","2000-09-15",4.4391,7.5,3083,60000000,47386287,124,NA,NA,NA,NA,"No"
8843,"The Cell","2000-08-18",4.4327,6.264,1698,33000000,104155843,107,NA,NA,NA,NA,"No"
105904,"Naked Poison","2000-09-23",4.427,6.115,26,0,0,88,NA,NA,NA,NA,"No"
1900,"Traffic","2000-12-27",4.395,7.086,2396,48000000,207500000,147,NA,NA,NA,NA,"No"
2085,"Romeo Must Die","2000-03-22",4.3236,6.266,1329,25000000,91036760,115,NA,NA,NA,NA,"No"
2046,"The Gift","2000-12-22",4.2725,6.478,1375,10000000,12008642,112,NA,NA,NA,NA,"No"
11978,"Men of Honor","2000-09-13",4.1654,7.483,2486,32000000,82300000,129,NA,NA,NA,NA,"No"
1443,"The Virgin Suicides","2000-04-21",4.1407,7.1,3585,6000000,10409377,97,NA,NA,NA,NA,"No"
134,"O Brother, Where Art Thou?","2000-08-30",4.1014,7.329,4568,26000000,71877090,107,NA,NA,NA,NA,"No"
55,"Amores Perros","2000-06-16",4.0892,7.637,2899,2000000,20908467,154,NA,NA,NA,NA,"No"
10471,"Next Friday","2000-01-12",4.0838,6.485,643,11000000,59827328,98,NA,NA,NA,NA,"No"
2440,"Joint Security Area","2000-09-09",3.951,7.828,824,12500000,0,108,NA,NA,NA,NA,"No"
9678,"Little Nicky","2000-11-10",3.9506,5.844,1969,85000000,58292295,90,NA,NA,NA,NA,"No"
4244,"The Kid","2000-07-07",3.9114,6.757,1109,65000000,110317580,104,NA,NA,NA,NA,"No"
10559,"Frequency","2000-04-28",3.9058,7.274,1995,31000000,68106245,118,NA,NA,NA,NA,"No"
71,"Billy Elliot","2000-09-28",3.8994,7.593,4071,5000000,109280263,111,NA,NA,NA,NA,"No"
19576,"One Piece: The Movie","2000-03-04",3.8044,7.057,387,0,0,51,NA,NA,NA,NA,"No"
20770,"But I'm a Cheerleader","2000-07-07",3.8039,7,818,1200000,2600000,85,NA,NA,NA,NA,"No"
10647,"Pay It Forward","2000-10-20",3.6543,7.4,1986,40000000,55707411,122,NA,NA,NA,NA,"No"
5994,"The Family Man","2000-12-12",3.5989,6.815,2192,60000000,124700000,125,NA,NA,NA,NA,"No"
8584,"Shanghai Noon","2000-05-26",3.5879,6.415,2748,55000000,99274467,110,NA,NA,NA,NA,"No"
10571,"Boys and Girls","2000-06-16",3.5873,5.955,418,16000000,20627372,94,NA,NA,NA,NA,"No"
243,"High Fidelity","2000-03-17",3.5394,7.138,2183,30000000,47100000,113,NA,NA,NA,NA,"No"
49948,"Fantasia 2000","2000-01-01",3.4923,6.973,1367,80000000,60655420,74,NA,NA,NA,NA,"No"
3536,"U-571","2000-04-20",3.4253,6.523,1346,62000000,127700000,116,NA,NA,NA,NA,"No"
8452,"The 6th Day","2000-11-17",3.4011,5.999,2249,82000000,96085477,123,NA,NA,NA,NA,"No"
1588,"Bring It On","2000-08-25",3.3995,6.26,1841,28000000,90449929,99,NA,NA,NA,NA,"No"
31352,"Doraemon: Nobita and the Legend of the Sun King","2000-03-04",3.3918,7,57,0,31300000,93,NA,NA,NA,NA,"No"
327,"Brother","2000-12-13",3.354,7.097,524,12000000,15250000,113,NA,NA,NA,NA,"No"
11075,"Audition","2000-03-03",3.3118,7.128,1757,250000,359853,115,NA,NA,NA,NA,"No"
2155,"Reindeer Games","2000-02-25",3.2726,5.711,723,42000000,32168970,104,NA,NA,NA,NA,"No"
10393,"The Replacements","2000-08-11",3.1864,6.69,1064,50000000,50054511,118,NA,NA,NA,NA,"No"
98299,"Hurricane Touchdown","2000-07-08",3.1726,6.9,46,0,0,62,NA,NA,NA,NA,"No"
10461,"Get Carter","2000-10-06",3.1372,5.216,649,63600000,19412993,102,NA,NA,NA,NA,"No"
2069,"The Whole Nine Yards","2000-02-18",3.1029,6.466,2061,41300000,106371651,98,NA,NA,NA,NA,"No"
13785,"Best in Show","2000-09-29",3.0621,6.881,664,0,0,90,NA,NA,NA,NA,"No"
10876,"Quills","2000-11-22",3.0614,7.124,716,13500000,17989227,124,NA,NA,NA,NA,"No"
15653,"An Extremely Goofy Movie","2000-02-29",3.0601,6.435,691,0,0,79,NA,NA,NA,NA,"No"
7450,"Titan A.E.","2000-06-16",3.0532,6.619,1175,75000000,36754634,95,NA,NA,NA,NA,"No"
2332,"Taxi 2","2000-03-25",2.9919,6.275,1883,10500000,64433844,82,NA,NA,NA,NA,"No"
10564,"Where the Heart Is","2000-04-27",2.9709,7.099,741,15000000,33800000,120,NA,NA,NA,NA,"No"
16340,"Rugrats in Paris: The Movie","2000-11-17",2.9678,6.7,484,30000000,103291131,79,NA,NA,NA,NA,"No"
1163,"The Miracle Worker","2000-11-12",2.9618,7.154,39,0,0,95,NA,NA,NA,NA,"No"
9871,"Ginger Snaps","2000-12-11",2.9521,6.931,976,5000000,0,108,NA,NA,NA,NA,"No"
10481,"102 Dalmatians","2000-10-07",2.9366,5.506,1464,85000000,183611771,100,NA,NA,NA,NA,"No"
5551,"Space Cowboys","2000-08-04",2.9208,6.393,1513,65000000,128900000,130,NA,NA,NA,NA,"No"
8859,"Dude, Where's My Car?","2000-12-15",2.9014,5.531,2069,13000000,73180723,83,NA,NA,NA,NA,"No"
10577,"Dracula 2000","2000-12-22",2.8641,5.242,743,28000000,47053625,99,NA,NA,NA,NA,"No"
16,"Dancer in the Dark","2000-09-01",2.8212,7.848,1994,12500000,40061153,140,NA,NA,NA,NA,"No"
14181,"Boiler Room","2000-02-18",2.7636,6.717,735,7000000,28780255,119,NA,NA,NA,NA,"No"
248058,"Kissing My Sister","2000-04-18",2.7595,6.3,20,0,0,90,NA,NA,NA,NA,"No"
11849,"Dungeons & Dragons","2000-12-08",2.7294,4.4,681,35000000,15185241,107,NA,NA,NA,NA,"No"
11983,"Proof of Life","2000-12-08",2.7244,6.137,859,65000000,62761005,135,NA,NA,NA,NA,"No"
129,"Spirited Away","2001-07-20",29.8419,8.534,18237,19000000,274925095,125,NA,NA,NA,NA,"No"
120,"The Lord of the Rings: The Fellowship of the Ring","2001-12-18",29.038,8.433,27424,93000000,871368364,179,NA,NA,NA,NA,"No"
808,"Shrek","2001-05-18",24.6079,7.759,18650,60000000,488977919,90,NA,NA,NA,NA,"No"
671,"Harry Potter and the Philosopher's Stone","2001-11-16",24.4643,7.898,29463,125000000,976475550,152,NA,NA,NA,NA,"No"
585,"Monsters, Inc.","2001-11-01",19.621,7.848,19689,115000000,579700000,92,NA,NA,NA,NA,"No"
1734,"The Mummy Returns","2001-05-04",12.5427,6.398,7628,98000000,443280904,130,NA,NA,NA,NA,"No"
6312,"Brotherhood of the Wolf","2001-01-31",11.2061,6.723,1705,29000000,70800000,151,NA,NA,NA,NA,"No"
5175,"Rush Hour 2","2001-08-03",10.7342,6.759,4564,90000000,347325802,90,NA,NA,NA,NA,"No"
11770,"Shaolin Soccer","2001-07-05",10.7016,7.153,2507,10000005,42776760,113,NA,NA,NA,NA,"No"
161,"Ocean's Eleven","2001-12-07",10.5959,7.458,12486,85000000,450717150,116,NA,NA,NA,NA,"No"
4248,"Scary Movie 2","2001-07-04",9.836,5.815,5118,45000000,141220678,82,NA,NA,NA,NA,"No"
8835,"Legally Blonde","2001-07-13",9.3678,6.805,4512,18000000,141778365,96,NA,NA,NA,NA,"No"
9880,"The Princess Diaries","2001-08-03",9.2406,6.962,5253,37000000,165335153,115,NA,NA,NA,NA,"No"
453,"A Beautiful Mind","2001-12-14",9.1773,7.855,11033,58000000,316791257,135,"2001(74th)","A Beautiful Mind","Brian Grazer and Ron Howard",2001,"Yes"
1364,"Sex and Lucía","2001-08-24",9.14,6.669,623,0,7640680,128,NA,NA,NA,NA,"No"
1018,"Mulholland Drive","2001-06-06",9.1263,7.801,6998,15000000,20289986,147,NA,NA,NA,NA,"No"
855,"Black Hawk Down","2001-12-28",9.0307,7.392,6329,92000000,172989651,145,NA,NA,NA,NA,"No"
194,"Amélie","2001-04-25",8.3445,7.919,12352,10000000,173921954,122,NA,NA,NA,NA,"No"
2034,"Training Day","2001-10-05",8.1244,7.519,6550,45000000,104900000,122,NA,NA,NA,NA,"No"
141,"Donnie Darko","2001-01-19",7.6385,7.8,13355,4500000,7500000,114,NA,NA,NA,NA,"No"
644,"A.I. Artificial Intelligence","2001-06-29",7.6173,7.055,6627,100000000,235926552,146,NA,NA,NA,NA,"No"
2057,"Original Sin","2001-05-08",7.5417,6.133,898,42000000,35402320,116,NA,NA,NA,NA,"No"
1933,"The Others","2001-08-02",7.4664,7.617,7129,17000000,210002906,101,NA,NA,NA,NA,"No"
676,"Pearl Harbor","2001-05-21",7.4455,6.935,6969,140000000,449220945,183,NA,NA,NA,NA,"No"
59940,"Zebra Lounge","2001-10-04",7.2492,4.356,45,0,0,93,NA,NA,NA,NA,"No"
11845,"Intimacy","2001-01-20",7.0877,6.252,548,0,2672527,119,NA,NA,NA,NA,"No"
1791,"The Piano Teacher","2001-09-05",7.015,7.3,1267,6200000,6766708,131,NA,NA,NA,NA,"No"
2770,"American Pie 2","2001-08-10",6.583,6.25,5283,30000000,287553595,111,NA,NA,NA,NA,"No"
853,"Enemy at the Gates","2001-02-28",6.199,7.417,4010,68000000,96976270,131,NA,NA,NA,NA,"No"
10054,"Spy Kids","2001-03-18",6.0218,5.817,3696,35000000,147934180,88,NA,NA,NA,NA,"No"
15999,"Vampire Hunter D: Bloodlust","2001-04-21",5.8898,7.672,788,0,151086,103,NA,NA,NA,NA,"No"
869,"Planet of the Apes","2001-07-26",5.8554,5.769,4398,100000000,362211740,120,NA,NA,NA,NA,"No"
9889,"Shallow Hal","2001-11-01",5.8453,6.167,3135,40000000,141069860,114,NA,NA,NA,NA,"No"
9378,"Thir13en Ghosts","2001-10-25",5.6204,6.285,2344,42000000,68467960,91,NA,NA,NA,NA,"No"
1391,"Y Tu Mamá También","2001-06-08",5.6144,7.416,1737,5000000,33600000,106,NA,NA,NA,NA,"No"
11397,"Not Another Teen Movie","2001-12-07",5.6069,5.812,2278,16000000,66468332,89,NA,NA,NA,NA,"No"
458685,"Making 'Superman': Filming the Legend","2001-05-01",5.5404,7.2,5,0,0,31,NA,NA,NA,NA,"No"
9476,"A Knight's Tale","2001-05-11",5.4875,6.873,3368,65000000,117487473,133,NA,NA,NA,NA,"No"
1995,"Lara Croft: Tomb Raider","2001-06-15",5.4769,5.908,6490,115000000,274703340,100,NA,NA,NA,NA,"No"
2294,"Jay and Silent Bob Strike Back","2001-08-22",5.4746,6.435,1728,22000000,33788161,104,NA,NA,NA,NA,"No"
8922,"Jeepers Creepers","2001-07-01",5.2237,6.5,3259,10000000,59217789,90,NA,NA,NA,NA,"No"
9397,"Evolution","2001-06-08",5.1148,6.106,2468,80000000,98376292,102,NA,NA,NA,NA,"No"
9398,"Zoolander","2001-09-28",4.9891,6.22,4892,28000000,60780981,89,NA,NA,NA,NA,"No"
68507,"Jan Dara","2001-09-28",4.9718,5.896,53,0,0,113,NA,NA,NA,NA,"No"
546769,"Making the Connection: Untold Stories of The French Connection","2001-09-25",4.9635,7,4,0,0,56,NA,NA,NA,NA,"No"
1903,"Vanilla Sky","2001-12-14",4.9157,6.819,4627,68000000,203388341,136,NA,NA,NA,NA,"No"
824,"Moulin Rouge!","2001-05-18",4.8416,7.529,4827,52500000,179213434,128,NA,NA,NA,NA,"No"
9778,"Serendipity","2001-10-05",4.8226,6.96,2133,28000000,77516304,90,NA,NA,NA,NA,"No"
4133,"Blow","2001-04-04",4.7849,7.353,4576,53000000,83300000,124,NA,NA,NA,NA,"No"
9428,"The Royal Tenenbaums","2001-10-05",4.7496,7.5,4995,21000000,71441250,110,NA,NA,NA,NA,"No"
10950,"I Am Sam","2001-12-28",4.5848,7.565,2487,22000000,92542418,132,NA,NA,NA,NA,"No"
634,"Bridget Jones's Diary","2001-04-13",4.4789,6.74,5468,25000000,281929795,97,NA,NA,NA,NA,"No"
16664,"All About Lily Chou-Chou","2001-10-06",4.4733,7.427,286,1250000,6776921,146,NA,NA,NA,NA,"No"
162092,"Doraemon: Nobita and the Winged Braves","2001-03-10",4.4073,7.25,40,0,30700000,91,NA,NA,NA,NA,"No"
8489,"Ali","2001-12-10",4.3594,6.749,1862,107000000,87812729,157,NA,NA,NA,NA,"No"
8386,"How High","2001-12-21",4.2754,6.355,1046,12000000,31200000,93,NA,NA,NA,NA,"No"
10865,"Atlantis: The Lost Empire","2001-06-02",4.2723,7.039,5114,120000000,186053725,95,NA,NA,NA,NA,"No"
10796,"The One","2001-11-02",4.2254,6.133,1717,49000000,72689126,87,NA,NA,NA,NA,"No"
10992,"Cats & Dogs","2001-06-23",4.2127,5.38,1732,60000000,200687492,87,NA,NA,NA,NA,"No"
9705,"Swordfish","2001-06-08",4.2093,6.259,2929,102000000,147080413,99,NA,NA,NA,NA,"No"
32022,"Case Closed: Countdown to Heaven","2001-04-21",4.1871,7.4,194,0,23895574,100,NA,NA,NA,NA,"No"
9696,"Ichi the Killer","2001-12-22",4.1687,6.988,1093,1400010,80631,129,NA,NA,NA,NA,"No"
2140,"Kiss of the Dragon","2001-07-06",4.0742,6.9,1323,25000000,64437847,98,NA,NA,NA,NA,"No"
37280,"Crayon Shin-chan: The Adult Empire Strikes Back","2001-04-21",4.054,8.214,77,0,10392896,90,NA,NA,NA,NA,"No"
9896,"Rat Race","2001-08-17",4.0456,6.282,1957,48000000,85498534,112,NA,NA,NA,NA,"No"
11299,"Cowboy Bebop: The Movie","2001-09-01",3.9915,7.723,1023,0,0,115,NA,NA,NA,NA,"No"
167,"K-PAX","2001-10-26",3.9803,7.208,2729,48000000,50315140,120,NA,NA,NA,NA,"No"
23446,"One Piece: Clockwork Island Adventure","2001-03-03",3.9438,6.889,294,0,0,60,NA,NA,NA,NA,"No"
11470,"Jason X","2001-11-09",3.9256,4.854,1500,11000000,17077882,91,NA,NA,NA,NA,"No"
1535,"Spy Game","2001-11-18",3.8932,6.92,2345,115000000,143049560,126,NA,NA,NA,NA,"No"
10757,"Kabhi Khushi Kabhie Gham","2001-12-14",3.8857,7.7,595,7500000,11336308,209,NA,NA,NA,NA,"No"
11457,"Life as a House","2001-10-25",3.7226,7.098,445,18000000,23903791,125,NA,NA,NA,NA,"No"
2110,"Wasabi","2001-10-31",3.6966,6.659,1416,15300000,10366360,94,NA,NA,NA,NA,"No"
2043,"Along Came a Spider","2001-04-06",3.6642,6.349,2046,60000000,105200000,104,NA,NA,NA,NA,"No"
10866,"Joy Ride","2001-10-05",3.653,6.541,1340,23000000,36642838,97,NA,NA,NA,NA,"No"
2100,"The Last Castle","2001-10-19",3.6252,7.174,1411,72000000,27642707,131,NA,NA,NA,NA,"No"
27324,"Pulse","2001-02-03",3.5805,6.691,662,25000000,318451,119,NA,NA,NA,NA,"No"
11313,"Hearts in Atlantis","2001-09-28",3.5486,6.766,612,31000000,24185781,101,NA,NA,NA,NA,"No"
10833,"Heartbreakers","2001-03-23",3.5236,6.118,984,35000000,57800000,123,NA,NA,NA,NA,"No"
12600,"Pokémon 4Ever","2001-07-07",3.5111,6.475,460,0,40807089,80,NA,NA,NA,NA,"No"
3172,"Bandits","2001-10-12",3.453,6.307,1100,75000000,67631903,123,NA,NA,NA,NA,"No"
11371,"The Score","2001-07-13",3.4249,6.699,1839,68000000,113579918,124,NA,NA,NA,NA,"No"
10477,"Driven","2001-04-27",3.419,5.125,810,94000000,54744738,116,NA,NA,NA,NA,"No"
36201,"Digimon Adventure 02: Revenge of Diaboromon","2001-03-03",3.3525,6.9,55,0,27853696,30,NA,NA,NA,NA,"No"
10956,"Joe Dirt","2001-04-10",3.3515,5.631,800,17700000,30987695,91,NA,NA,NA,NA,"No"
768,"From Hell","2001-02-08",3.3488,6.697,2998,35000000,74558115,122,NA,NA,NA,NA,"No"
1433,"The Devil's Backbone","2001-04-20",3.346,7.293,1352,4500000,6582065,108,NA,NA,NA,NA,"No"
1365,"Monster's Ball","2001-12-26",3.3241,6.788,1080,4000000,44900000,113,NA,NA,NA,NA,"No"
2114,"Final Fantasy: The Spirits Within","2001-07-02",3.3166,6.194,1583,137000000,85131830,106,NA,NA,NA,NA,"No"
2018,"The Wedding Planner","2001-01-26",3.2777,5.928,1811,35000000,94700000,103,NA,NA,NA,NA,"No"
18269,"Lady and the Tramp II: Scamp's Adventure","2001-02-18",3.2311,6.348,1313,0,0,69,NA,NA,NA,NA,"No"
5279,"Gosford Park","2001-12-26",3.2235,6.819,1230,19800000,87754044,137,NA,NA,NA,NA,"No"
570,"Fat Girl","2001-03-07",3.2151,6.194,255,0,766000,86,NA,NA,NA,NA,"No"
214989,"Comic King","2001-01-19",3.1838,6,4,0,0,94,NA,NA,NA,NA,"No"
9606,"Metropolis","2001-05-26",3.1678,7.145,553,15000000,4035384,107,NA,NA,NA,NA,"No"
16161,"Baby Boy","2001-06-27",3.1662,7.08,351,16000000,29381649,130,NA,NA,NA,NA,"No"
42360,"Inuyasha the Movie: Affections Touching Across Time","2001-12-15",3.1307,7.543,196,0,10539779,99,NA,NA,NA,NA,"No"
15720,"The Man from Elysian Fields","2001-09-13",3.1244,5.885,65,6500000,2006391,106,NA,NA,NA,NA,"No"
11086,"The Majestic","2001-12-21",3.1151,6.75,827,72000000,37317673,152,NA,NA,NA,NA,"No"
10016,"Ghosts of Mars","2001-08-14",3.1021,5.147,1214,28000000,14010832,98,NA,NA,NA,NA,"No"
7451,"xXx","2002-08-09",64.7539,5.987,4879,70000000,277448382,124,NA,NA,NA,NA,"No"
11013,"Secretary","2002-09-20",29.371,6.79,1885,4000000,9300000,111,NA,NA,NA,NA,"No"
979,"Irreversible","2002-05-22",26.3145,7.182,3263,3500000,6500000,93,NA,NA,NA,NA,"No"
121,"The Lord of the Rings: The Two Towers","2002-12-18",20.8032,8.416,23780,79000000,926287400,179,NA,NA,NA,NA,"No"
557,"Spider-Man","2002-05-01",19.2803,7.325,20568,139000000,821708551,121,NA,NA,NA,NA,"No"
672,"Harry Potter and the Chamber of Secrets","2002-11-13",16.4332,7.702,23488,100000000,876688482,161,NA,NA,NA,NA,"No"
425,"Ice Age","2002-03-14",14.8653,7.37,14224,59000000,383257136,81,NA,NA,NA,NA,"No"
2251,"Unfaithful","2002-05-10",14.2606,6.685,1703,50000000,119137784,124,NA,NA,NA,NA,"No"
598,"City of God","2002-08-30",13.5395,8.43,8144,3300000,30641770,129,NA,NA,NA,NA,"No"
423,"The Pianist","2002-09-17",10.8745,8.374,10092,35000000,120098945,150,NA,NA,NA,NA,"No"
4614,"The Sum of All Fears","2002-05-31",10.8496,6.37,1941,68000000,193921372,124,NA,NA,NA,NA,"No"
640,"Catch Me If You Can","2002-12-16",10.6421,7.977,17008,52000000,352114312,141,NA,NA,NA,NA,"No"
170,"28 Days Later","2002-10-31",10.3286,7.2,8439,8000000,82784517,113,NA,NA,NA,NA,"No"
1430,"Bowling for Columbine","2002-10-09",9.9424,7.512,1682,4000000,35564473,120,NA,NA,NA,NA,"No"
11544,"Lilo & Stitch","2002-06-21",9.8477,7.559,7057,80000000,273144151,85,NA,NA,NA,NA,"No"
1894,"Star Wars: Episode II - Attack of the Clones","2002-05-15",8.5484,6.592,14279,120000000,649398328,142,NA,NA,NA,NA,"No"
972809,"The Qing Palace's Secret Affairs 5","2002-01-01",8.3578,0,0,0,0,0,NA,NA,NA,NA,"No"
2501,"The Bourne Identity","2002-06-14",7.9588,7.476,10042,60000000,214034224,119,NA,NA,NA,NA,"No"
79,"Hero","2002-12-19",7.9318,7.51,2480,31000000,177394432,99,NA,NA,NA,NA,"No"
565,"The Ring","2002-10-18",7.9104,6.699,6643,48000000,249348933,115,NA,NA,NA,NA,"No"
2675,"Signs","2002-08-02",7.6436,6.698,6231,72000000,408200000,106,NA,NA,NA,NA,"No"
608,"Men in Black II","2002-07-03",7.4962,6.384,10608,140000000,445135288,88,NA,NA,NA,NA,"No"
9023,"Spirit: Stallion of the Cimarron","2002-05-24",7.2789,7.686,4868,80000000,122563539,83,NA,NA,NA,NA,"No"
16318,"Sex Is Zero","2002-12-12",7.2514,6.169,136,0,0,96,NA,NA,NA,NA,"No"
4108,"The Transporter","2002-10-02",7.2372,6.72,5788,21000000,43900000,92,NA,NA,NA,NA,"No"
14128,"Cinderella II: Dreams Come True","2002-02-23",7.2237,6.1,1529,5000000,0,74,NA,NA,NA,NA,"No"
93685,"Swingers","2002-10-01",6.9973,5.8,71,0,0,93,NA,NA,NA,NA,"No"
9016,"Treasure Planet","2002-11-26",6.7719,7.565,4581,140000000,109578115,96,NA,NA,NA,NA,"No"
180,"Minority Report","2002-06-20",6.7146,7.353,9575,102000000,358372926,145,NA,NA,NA,NA,"No"
11362,"The Count of Monte Cristo","2002-01-23",6.694,7.673,2006,35000000,75395048,131,NA,NA,NA,NA,"No"
65,"8 Mile","2002-11-08",6.2582,7.142,7787,41000000,242875078,111,NA,NA,NA,NA,"No"
36586,"Blade II","2002-03-22",6.2045,6.558,5176,54000000,155010032,117,NA,NA,NA,NA,"No"
10775,"Infernal Affairs","2002-12-12",6.1217,7.805,1851,6400000,8836958,101,NA,NA,NA,NA,"No"
9637,"Scooby-Doo","2002-06-14",6.0295,6.099,4756,84000000,275650703,87,NA,NA,NA,NA,"No"
11852,"The Hot Chick","2002-12-13",6.0209,6.36,2157,34000000,54639553,104,NA,NA,NA,NA,"No"
36669,"Die Another Day","2002-11-17",5.7595,5.997,3870,142000000,431971116,133,NA,NA,NA,NA,"No"
3131,"Gangs of New York","2002-12-14",5.6364,7.315,7176,100000000,193772504,168,NA,NA,NA,NA,"No"
10771,"The Tuxedo","2002-09-27",5.2898,5.737,2150,60000000,104400000,98,NA,NA,NA,NA,"No"
2899,"Asterix & Obelix: Mission Cleopatra","2002-01-30",5.2894,7.37,3764,58500000,131116046,108,NA,NA,NA,NA,"No"
15015,"Barbie as Rapunzel","2002-10-01",5.1175,7.013,1278,0,0,84,NA,NA,NA,NA,"No"
818,"Austin Powers in Goldmember","2002-07-26",5.0652,6.019,3412,63000000,296938801,94,NA,NA,NA,NA,"No"
13497,"Drumline","2002-12-13",5.0231,6.891,561,20000000,57600000,118,NA,NA,NA,NA,"No"
15370,"The Cat Returns","2002-07-19",4.9395,7.126,2437,0,54016370,75,NA,NA,NA,NA,"No"
7299,"Equilibrium","2002-12-06",4.8579,7.048,4990,20000000,5400000,107,NA,NA,NA,NA,"No"
8470,"John Q","2002-02-15",4.8345,7.127,2597,36000000,102244770,116,NA,NA,NA,NA,"No"
252969,"Secret Pleasures","2002-10-15",4.7265,3.25,10,0,0,90,NA,NA,NA,NA,"No"
1576,"Resident Evil","2002-03-15",4.7205,6.652,6879,33000000,102984862,100,NA,NA,NA,NA,"No"
4147,"Road to Perdition","2002-07-12",4.6926,7.352,3971,80000000,181001478,117,NA,NA,NA,NA,"No"
11838,"Ju-on: The Grudge","2002-10-18",4.6594,6.75,930,3500000,3657876,92,NA,NA,NA,NA,"No"
9488,"Spy Kids 2: The Island of Lost Dreams","2002-08-07",4.6551,5.657,2336,38000000,119723358,100,NA,NA,NA,NA,"No"
9645,"Ghost Ship","2002-10-25",4.65,6,2643,35000000,71142361,91,NA,NA,NA,NA,"No"
4547,"Panic Room","2002-03-29",4.5906,6.791,5382,48000000,197100000,111,NA,NA,NA,NA,"No"
320,"Insomnia","2002-05-24",4.5451,6.958,5265,46000000,113714830,118,NA,NA,NA,NA,"No"
1073380,"The Qing Palace's Secret Affairs 1","2002-01-01",4.5441,6,1,0,0,0,NA,NA,NA,NA,"No"
57100,"Double Vision","2002-10-17",4.5302,6.667,81,0,0,112,NA,NA,NA,NA,"No"
8051,"Punch-Drunk Love","2002-10-11",4.4503,7.1,2727,25000000,24665649,96,NA,NA,NA,NA,"No"
9334,"The Scorpion King","2002-04-18",4.4396,5.591,3363,60000000,165333180,92,NA,NA,NA,NA,"No"
26662,"Detective Conan: The Phantom of Baker Street","2002-04-20",4.4225,7.8,229,0,24387667,107,NA,NA,NA,NA,"No"
51822,"Love Hurts","2002-11-08",4.311,8.021,361,10000000,0,104,NA,NA,NA,NA,"No"
12100,"Windtalkers","2002-06-07",4.2858,6.329,1403,115000000,77600000,134,NA,NA,NA,NA,"No"
6278,"Reign of Fire","2002-07-09",4.2344,6.2,2436,60000000,82150183,101,NA,NA,NA,NA,"No"
15070,"Undisputed","2002-07-17",4.2075,6.506,814,20000000,14946150,96,NA,NA,NA,NA,"No"
12536,"Home Alone 4","2002-11-03",4.148,4.492,1366,0,0,84,NA,NA,NA,NA,"No"
1957,"Enough","2002-05-21",4.1198,6.651,1234,38000000,51800000,114,NA,NA,NA,NA,"No"
692293,"Eastwood & Co.: Making 'Unforgiven'","2002-09-24",4.0982,7.4,5,0,0,24,NA,NA,NA,NA,"No"
11529,"Sweet Home Alabama","2002-09-26",4.048,6.418,1692,30000000,180622424,108,NA,NA,NA,NA,"No"
2135,"The Time Machine","2002-03-04",4.0031,6.305,2519,80000000,123729176,96,NA,NA,NA,NA,"No"
33320,"Millennium Actress","2002-09-14",3.9673,7.833,1007,0,37641,87,NA,NA,NA,NA,"No"
13830,"Shottas","2002-02-27",3.9216,7.62,359,200000,0,95,NA,NA,NA,NA,"No"
16690,"Return to Never Land","2002-02-14",3.857,6.477,2393,20000000,109862682,72,NA,NA,NA,NA,"No"
2642,"Two Weeks Notice","2002-12-19",3.8569,6.4,2196,60000000,199043242,101,NA,NA,NA,NA,"No"
9012,"Jackass: The Movie","2002-10-25",3.8343,6.313,1728,5000000,64282312,85,NA,NA,NA,NA,"No"
11452,"National Lampoon's Van Wilder","2002-03-29",3.8134,6.026,1942,6000000,39241323,92,NA,NA,NA,NA,"No"
10229,"A Walk to Remember","2002-01-25",3.8044,7.751,4241,11800000,47494916,102,NA,NA,NA,NA,"No"
4689,"Sympathy for Mr. Vengeance","2002-03-29",3.804,7.462,1682,4000000,1954937,129,NA,NA,NA,NA,"No"
1574,"Chicago","2002-12-10",3.77,7.128,2892,45000000,306776732,113,"2002(75th)","Chicago","Martin Richards",2002,"Yes"
2022,"Mr. Deeds","2002-06-28",3.7294,5.918,2511,50000000,171269565,97,NA,NA,NA,NA,"No"
11979,"Queen of the Damned","2002-02-10",3.6973,6.084,1162,35000000,45479110,101,NA,NA,NA,NA,"No"
10590,"We Were Soldiers","2002-03-01",3.6765,7.129,2263,75000000,114660784,138,NA,NA,NA,NA,"No"
8346,"My Big Fat Greek Wedding","2002-04-19",3.6658,6.501,2283,5000000,368744044,95,NA,NA,NA,NA,"No"
15136,"So Close","2002-05-14",3.6521,6.904,249,0,810243,111,NA,NA,NA,NA,"No"
7303,"Maid in Manhattan","2002-12-13",3.6251,6.137,2045,55000000,154906693,105,NA,NA,NA,NA,"No"
8869,"Eight Legged Freaks","2002-07-17",3.5789,5.805,1340,30000000,45900000,99,NA,NA,NA,NA,"No"
12779,"Swept Away","2002-10-11",3.5741,4.7,312,10000000,598645,89,NA,NA,NA,NA,"No"
9884,"Collateral Damage","2002-02-06",3.4435,5.763,1487,85000000,78382433,108,NA,NA,NA,NA,"No"
2757,"Adaptation.","2002-12-06",3.4244,7.339,2759,19000000,32800000,115,NA,NA,NA,NA,"No"
21972,"Like Mike","2002-07-03",3.4204,6.117,565,30000000,62300000,99,NA,NA,NA,NA,"No"
590,"The Hours","2002-12-27",3.4177,7.254,1862,25000000,108846217,114,NA,NA,NA,NA,"No"
10426,"Friday After Next","2002-11-22",3.3958,6.368,456,20000000,33526835,85,NA,NA,NA,NA,"No"
245,"About a Boy","2002-04-26",3.3804,6.696,2383,27000000,1.29e+08,101,NA,NA,NA,NA,"No"
33875,"Pokémon Heroes","2002-07-13",3.2927,6.7,385,0,27756381,80,NA,NA,NA,NA,"No"
1073383,"The Qing Palace's Secret Affairs 4","2002-01-01",3.2503,0,0,0,0,0,NA,NA,NA,NA,"No"
12149,"Frailty","2002-04-12",3.2326,6.954,1306,11000000,17400000,100,NA,NA,NA,NA,"No"
11812,"The Sweetest Thing","2002-04-12",3.2134,5.613,1177,43000000,68696770,84,NA,NA,NA,NA,"No"
44725,"One Piece: Chopper's Kingdom on the Island of Strange Animals","2002-03-02",3.1995,6.732,226,0,13107237,56,NA,NA,NA,NA,"No"
10052,"Dragonfly","2002-02-22",3.1963,6.527,928,60000000,52322400,104,NA,NA,NA,NA,"No"
13683,"Tarzan & Jane","2002-06-24",3.1832,6,676,0,0,75,NA,NA,NA,NA,"No"
11891,"Kung Pow: Enter the Fist","2002-01-25",3.1568,6.41,740,10000000,1.7e+07,81,NA,NA,NA,NA,"No"
201,"Star Trek: Nemesis","2002-12-13",3.1491,6.301,1570,60000000,67336470,116,NA,NA,NA,NA,"No"
10611,"Barbershop","2002-04-01",3.1314,6.4,525,12000000,77063924,102,NA,NA,NA,NA,"No"
122,"The Lord of the Rings: The Return of the King","2003-12-17",34.0502,8.496,26422,94000000,1118888979,201,"2003(76th)","The Lord of the Rings: The Return of the King","Barrie M. Osborne, Peter Jackson, and Fran Walsh",2003,"Yes"
20222,"Sex with Love","2003-03-27",21.3899,6.533,242,0,0,108,NA,NA,NA,NA,"No"
12,"Finding Nemo","2003-05-30",17.0319,7.8,20479,94000000,940335536,100,NA,NA,NA,NA,"No"
670,"Oldboy","2003-11-21",16.257,8.238,9784,3000000,17500000,120,NA,NA,NA,NA,"No"
22,"Pirates of the Caribbean: The Curse of the Black Pearl","2003-07-09",16.0666,7.821,22134,140000000,655011224,143,NA,NA,NA,NA,"No"
24,"Kill Bill: Vol. 1","2003-10-10",11.9723,7.97,18846,30000000,180906076,111,NA,NA,NA,NA,"No"
246,"Zatoichi","2003-09-06",11.3389,7.242,955,2500000,34196922,116,NA,NA,NA,NA,"No"
10009,"Brother Bear","2003-10-23",10.8834,7.273,5727,128000000,250397798,85,NA,NA,NA,NA,"No"
604,"The Matrix Reloaded","2003-05-15",10.5846,7.073,11893,150000000,738599701,138,NA,NA,NA,NA,"No"
1278,"The Dreamers","2003-10-10",9.9841,7.18,3073,15000000,15100000,115,NA,NA,NA,NA,"No"
21542,"Love Don't Co$t a Thing","2003-12-12",9.2966,7.58,683,0,21964072,100,NA,NA,NA,NA,"No"
11423,"Memories of Murder","2003-04-25",9.1699,8.057,4548,2800000,2.6e+07,131,NA,NA,NA,NA,"No"
605,"The Matrix Revolutions","2003-11-05",8.8595,6.751,10756,150000000,424988211,129,NA,NA,NA,NA,"No"
2832,"Identity","2003-04-25",8.7694,7.179,4321,28000000,90259536,90,NA,NA,NA,NA,"No"
616,"The Last Samurai","2003-12-05",8.4786,7.604,7497,140000000,456800000,154,NA,NA,NA,NA,"No"
9919,"How to Lose a Guy in 10 Days","2003-02-07",8.3732,6.862,4444,50000000,177500000,116,NA,NA,NA,NA,"No"
9316,"Ong-Bak","2003-01-31",8.2448,7.135,1868,1100000,20112926,105,NA,NA,NA,NA,"No"
153,"Lost in Translation","2003-09-18",8.139,7.382,8045,4000000,119723856,102,NA,NA,NA,NA,"No"
310,"Bruce Almighty","2003-05-23",8.0155,6.725,11446,80000000,484592874,101,NA,NA,NA,NA,"No"
4256,"Scary Movie 3","2003-10-24",7.8263,5.963,4449,45000000,220673217,84,NA,NA,NA,NA,"No"
296,"Terminator 3: Rise of the Machines","2003-07-02",7.7895,6.188,7208,200000000,4.35e+08,109,NA,NA,NA,NA,"No"
8961,"Bad Boys II","2003-07-18",7.733,6.655,5910,130000000,273339556,146,NA,NA,NA,NA,"No"
9902,"Wrong Turn","2003-05-30",7.5502,6.387,2980,12600000,28650575,84,NA,NA,NA,NA,"No"
587,"Big Fish","2003-12-10",7.4041,7.758,7731,70000000,123200000,125,NA,NA,NA,NA,"No"
1927,"Hulk","2003-06-19",7.3412,5.578,6238,137000000,245360480,138,NA,NA,NA,NA,"No"
11635,"Old School","2003-02-21",7.0035,6.629,2095,24000000,87100000,92,NA,NA,NA,NA,"No"
9654,"The Italian Job","2003-05-30",6.735,6.787,5979,60000000,176070171,110,NA,NA,NA,NA,"No"
9358,"Final Destination 2","2003-01-31",6.5455,6.306,4793,26000000,90941129,90,NA,NA,NA,NA,"No"
9480,"Daredevil","2003-02-14",6.4953,5.293,5438,78000000,179179718,103,NA,NA,NA,NA,"No"
508,"Love Actually","2003-09-07",6.461,7.096,7361,40000000,250779876,135,NA,NA,NA,NA,"No"
1584,"School of Rock","2003-10-03",6.1164,7.082,6152,35000000,131098967,110,NA,NA,NA,NA,"No"
9567,"Tears of the Sun","2003-03-07",5.9709,6.889,2600,75000000,86500000,121,NA,NA,NA,NA,"No"
59210,"The Mother","2003-11-14",5.9338,6.081,68,2500000,1062253,112,NA,NA,NA,NA,"No"
9373,"The Texas Chainsaw Massacre","2003-05-21",5.858,6.304,2885,9500000,107385515,98,NA,NA,NA,NA,"No"
322,"Mystic River","2003-10-08",5.7374,7.743,7410,25000000,156800000,138,NA,NA,NA,NA,"No"
10719,"Elf","2003-11-07",5.6324,6.666,4519,32000000,228500000,97,NA,NA,NA,NA,"No"
277,"Underworld","2003-09-19",5.6133,6.847,6566,22000000,95708457,122,NA,NA,NA,NA,"No"
153104,"Wicked Minds","2003-03-01",5.6018,6.3,52,0,0,93,NA,NA,NA,NA,"No"
8273,"American Wedding","2003-08-01",5.4831,6.217,4377,55000000,231449203,103,NA,NA,NA,NA,"No"
7090,"Ken Park","2003-01-30",5.3814,5.987,676,1300000,447741,97,NA,NA,NA,NA,"No"
10330,"Freaky Friday","2003-08-05",5.2503,6.58,4248,26000000,160846332,97,NA,NA,NA,NA,"No"
6466,"Freddy vs. Jason","2003-08-15",5.2219,6.088,2821,30000000,116643421,97,NA,NA,NA,NA,"No"
12279,"Spy Kids 3-D: Game Over","2003-07-25",4.9779,5.141,2358,38000000,197101678,84,NA,NA,NA,NA,"No"
9341,"The Core","2003-03-28",4.908,5.815,2130,60000000,74208267,136,NA,NA,NA,NA,"No"
4552,"A Tale of Two Sisters","2003-06-13",4.8122,7.099,1328,15100000,1100000,115,NA,NA,NA,NA,"No"
8698,"The League of Extraordinary Gentlemen","2003-07-11",4.7778,5.976,4324,78000000,179265204,110,NA,NA,NA,NA,"No"
10588,"The Cat in the Hat","2003-11-21",4.6964,5.3,1772,109000000,133800000,82,NA,NA,NA,NA,"No"
9257,"S.W.A.T.","2003-08-08",4.574,6.156,2690,80000000,207700000,117,NA,NA,NA,NA,"No"
8326,"Holes","2003-04-18",4.5627,6.901,1533,20000000,71406573,117,NA,NA,NA,NA,"No"
11351,"Jeepers Creepers 2","2003-08-08",4.558,6.168,1796,17000000,63102666,104,NA,NA,NA,NA,"No"
14926,"Uptown Girls","2003-08-15",4.4874,6.9,1114,20000000,44617342,92,NA,NA,NA,NA,"No"
9486,"Johnny English","2003-03-14",4.412,6.294,3772,40000000,160466000,87,NA,NA,NA,NA,"No"
55931,"The Animatrix","2003-05-09",4.4077,7.216,1759,5000000,6.8e+07,102,NA,NA,NA,NA,"No"
1428,"Once Upon a Time in Mexico","2003-09-11",4.3527,6.298,2380,29000000,98769390,102,NA,NA,NA,NA,"No"
9471,"Charlie's Angels: Full Throttle","2003-06-25",4.3319,5.485,3273,120000000,259175788,106,NA,NA,NA,NA,"No"
10601,"Peter Pan","2003-12-18",4.3237,7.14,2756,100000000,121975011,113,NA,NA,NA,NA,"No"
11007,"Cheaper by the Dozen","2003-12-24",4.2764,6.285,2940,40000000,190212113,98,NA,NA,NA,NA,"No"
4970,"Gothika","2003-11-21",4.2454,6.118,2476,40000000,141591324,98,NA,NA,NA,NA,"No"
553,"Dogville","2003-05-21",4.23,7.754,2674,10000000,16690617,178,NA,NA,NA,NA,"No"
39202,"Detective Conan: Crossroad in the Ancient Capital","2003-04-19",4.2225,7.1,176,0,24342320,110,NA,NA,NA,NA,"No"
1817,"Phone Booth","2003-01-06",4.1651,6.868,4131,13000000,97837138,81,NA,NA,NA,NA,"No"
11023,"Thirteen","2003-08-20",4.1565,6.677,1748,2000000,10128960,100,NA,NA,NA,NA,"No"
50476,"Untold Scandal","2003-10-02",4.1292,6.4,62,0,0,124,NA,NA,NA,NA,"No"
504,"Monster","2003-12-24",4.0697,7.209,2530,8000000,58469210,109,NA,NA,NA,NA,"No"
14411,"Sinbad: Legend of the Seven Seas","2003-07-02",4.067,7.001,2179,60000000,80767884,86,NA,NA,NA,NA,"No"
10327,"Legally Blonde 2: Red, White & Blonde","2003-07-02",4.0464,5.713,1735,45000000,124914842,95,NA,NA,NA,NA,"No"
11647,"Infernal Affairs II","2003-10-01",4.036,7.3,469,125000,3208262,119,NA,NA,NA,NA,"No"
10623,"Cradle 2 the Grave","2003-02-28",4.0349,6.105,1019,25000000,56500000,101,NA,NA,NA,NA,"No"
12090,"Just Married","2003-01-08",4.014,5.779,1458,18000000,101564935,95,NA,NA,NA,NA,"No"
9506,"Anger Management","2003-04-11",3.98,6.16,3423,75000000,195745823,106,NA,NA,NA,NA,"No"
6964,"Something's Gotta Give","2003-12-12",3.9798,6.639,1750,80000000,2.7e+08,128,NA,NA,NA,NA,"No"
19277,"In Hell","2003-11-24",3.9659,6.593,604,17000000,293671,96,NA,NA,NA,NA,"No"
10159,"The Rundown","2003-09-26",3.9161,6.446,2164,85000000,80900000,104,NA,NA,NA,NA,"No"
13398,"Tokyo Godfathers","2003-12-05",3.9031,7.919,1497,0,607735,92,NA,NA,NA,NA,"No"
470,"21 Grams","2003-09-06",3.8889,7.32,3381,20000000,60427839,124,NA,NA,NA,NA,"No"
10923,"Agent Cody Banks","2003-03-14",3.8576,5.545,1162,28000000,58795814,102,NA,NA,NA,NA,"No"
10610,"The Medallion","2003-08-15",3.8164,5.609,1188,38000000,34300000,88,NA,NA,NA,NA,"No"
10934,"Under the Tuscan Sun","2003-09-20",3.8041,6.876,962,18000000,58878723,113,NA,NA,NA,NA,"No"
13654,"101 Dalmatians II: Patch's London Adventure","2003-03-02",3.7736,6.03,1233,0,0,74,NA,NA,NA,NA,"No"
16250,"Love Comes Softly","2003-04-13",3.7331,6.7,144,0,0,88,NA,NA,NA,NA,"No"
10147,"Bad Santa","2003-11-26",3.7202,6.568,2378,23000000,76500000,92,NA,NA,NA,NA,"No"
13920,"Radio","2003-10-24",3.7068,7.31,819,35000000,53293628,109,NA,NA,NA,NA,"No"
9620,"Paycheck","2003-12-25",3.6828,6.213,2015,60000000,117248958,119,NA,NA,NA,NA,"No"
210203,"The Favourite Game","2003-02-28",3.6601,4.375,8,0,0,101,NA,NA,NA,NA,"No"
2289,"Cold Mountain","2003-12-24",3.6449,6.943,1968,79000000,173013509,154,NA,NA,NA,NA,"No"
10715,"Looney Tunes: Back in Action","2003-11-14",3.6338,6.358,1596,80000000,68500000,92,NA,NA,NA,NA,"No"
10708,"Daddy Day Care","2003-05-09",3.6222,5.924,2245,60000000,164433867,92,NA,NA,NA,NA,"No"
8619,"Master and Commander: The Far Side of the World","2003-11-14",3.5932,7.2,3500,150000000,211623421,138,NA,NA,NA,NA,"No"
6171,"Dreamcatcher","2003-03-21",3.5808,5.637,1897,68000000,81240206,134,NA,NA,NA,NA,"No"
44727,"One Piece: Dead End Adventure","2003-03-01",3.5745,7,214,0,14817006,95,NA,NA,NA,NA,"No"
14310,"Infernal Affairs III","2003-12-12",3.5664,7,370,250000,4468597,118,NA,NA,NA,NA,"No"
8409,"A Man Apart","2003-04-04",3.5552,6.104,960,36000000,44350926,109,NA,NA,NA,NA,"No"
1129576,"寝乱れ義母 夫の帰る前に","2003-07-18",3.5435,0,0,0,0,0,NA,NA,NA,NA,"No"
10735,"What a Girl Wants","2003-03-27",3.4235,6.306,1717,20000000,50700000,105,NA,NA,NA,NA,"No"
15016,"Barbie of Swan Lake","2003-09-27",3.3697,7,1135,0,0,83,NA,NA,NA,NA,"No"
2662,"House of 1000 Corpses","2003-04-11",3.317,6.195,1744,7000000,17949758,89,NA,NA,NA,NA,"No"
59191,"Eloise at Christmastime","2003-11-22",3.3106,6.39,73,0,0,87,NA,NA,NA,NA,"No"
10632,"The Hunted","2003-03-11",3.3006,6.18,907,55000000,34234008,94,NA,NA,NA,NA,"No"
6038,"Shanghai Knights","2003-02-06",3.2772,6.139,2426,50000000,88323487,115,NA,NA,NA,NA,"No"
2056,"The Station Agent","2003-12-05",3.2766,7.35,785,500000,8701337,88,NA,NA,NA,NA,"No"
73353,"Man in the Mirror: The Michael Jackson Story","2004-08-06",59.4668,6.3,13,1200000,0,85,NA,NA,NA,NA,"No"
12153,"White Chicks","2004-06-23",20.8226,6.931,4493,37000000,113100000,109,NA,NA,NA,NA,"No"
38,"Eternal Sunshine of the Spotless Mind","2004-03-19",20.4384,8.09,16269,20000000,72258126,108,NA,NA,NA,NA,"No"
7131,"Van Helsing","2004-05-03",19.378,6.402,6596,160000000,300257475,132,NA,NA,NA,NA,"No"
673,"Harry Potter and the Prisoner of Azkaban","2004-05-31",19.0586,8.007,23062,130000000,789804554,141,NA,NA,NA,NA,"No"
4935,"Howl's Moving Castle","2004-09-09",18.9969,8.386,11008,24000000,236049757,119,NA,NA,NA,NA,"No"
11036,"The Notebook","2004-06-25",18.7158,7.887,12483,29000000,115600000,123,NA,NA,NA,NA,"No"
652,"Troy","2004-05-13",18.7151,7.169,10989,175000000,497409852,163,NA,NA,NA,NA,"No"
9509,"Man on Fire","2004-04-23",18.4634,7.461,5635,70000000,130300000,146,NA,NA,NA,NA,"No"
27,"9 Songs","2004-07-16",14.1202,5.542,575,1000000,1574623,70,NA,NA,NA,NA,"No"
9806,"The Incredibles","2004-10-27",13.6224,7.722,18814,92000000,631442092,115,NA,NA,NA,NA,"No"
10625,"Mean Girls","2004-04-30",12.9874,7.223,9409,17000000,130195052,97,NA,NA,NA,NA,"No"
10591,"The Girl Next Door","2004-04-09",12.5692,6.738,3978,21000000,31635150,110,NA,NA,NA,NA,"No"
809,"Shrek 2","2004-05-19",11.9594,7.311,13367,150000000,935454538,92,NA,NA,NA,NA,"No"
2288,"Closer","2004-12-03",11.9218,6.834,3725,27000000,115505027,104,NA,NA,NA,NA,"No"
615,"The Passion of the Christ","2004-02-25",10.7323,7.538,5177,30000000,610063468,127,NA,NA,NA,NA,"No"
9470,"Kung Fu Hustle","2004-02-10",9.6173,7.488,3150,20000000,102034104,99,NA,NA,NA,NA,"No"
11836,"The SpongeBob SquarePants Movie","2004-11-19",9.5457,7.083,3174,30000000,141067890,87,NA,NA,NA,NA,"No"
176,"Saw","2004-10-01",9.1341,7.421,10006,1200000,104045735,103,NA,NA,NA,NA,"No"
10555,"Shark Tale","2004-09-20",8.4612,6.036,6680,75000000,367300000,90,NA,NA,NA,NA,"No"
393,"Kill Bill: Vol. 2","2004-04-16",8.4345,7.877,15001,30000000,152159461,136,NA,NA,NA,NA,"No"
2048,"I, Robot","2004-07-15",8.0349,6.96,12598,120000000,347234916,115,NA,NA,NA,NA,"No"
1824,"50 First Dates","2004-02-13",8.0339,6.871,7691,75000000,196482882,99,NA,NA,NA,NA,"No"
558,"Spider-Man 2","2004-06-25",7.6397,7.304,16270,200000000,788976453,127,NA,NA,NA,NA,"No"
924,"Dawn of the Dead","2004-03-19",7.2216,7.052,4444,26000000,102278712,101,NA,NA,NA,NA,"No"
11247,"A Cinderella Story","2004-07-16",7.0771,6.589,3369,19000000,70067909,95,NA,NA,NA,NA,"No"
10096,"13 Going on 30","2004-04-13",6.8131,6.771,5517,37000000,96458118,98,NA,NA,NA,NA,"No"
747,"Shaun of the Dead","2004-04-09",6.63,7.542,9288,6000000,39396175,99,NA,NA,NA,NA,"No"
7220,"The Punisher","2004-04-15",6.629,6.361,3110,33000000,54700105,124,NA,NA,NA,NA,"No"
594,"The Terminal","2004-06-17",6.604,7.4,8650,60000000,219417255,128,NA,NA,NA,NA,"No"
11130,"The Princess Diaries 2: Royal Engagement","2004-08-06",6.5042,6.713,3399,40000000,134734481,113,NA,NA,NA,NA,"No"
70,"Million Dollar Baby","2004-12-05",6.4777,8,10314,30000000,216763646,132,"2004(77th)","Million Dollar Baby","Clint Eastwood, Albert S. Ruddy, and Tom Rosenberg",2004,"Yes"
570595,"Russian Nymphet: Temptation","2004-11-28",6.4716,5.6,27,0,0,35,NA,NA,NA,NA,"No"
2567,"The Aviator","2004-12-17",6.3869,7.216,5814,110000000,213719942,170,NA,NA,NA,NA,"No"
1677,"Ray","2004-10-29",6.348,7.448,2194,40000000,124700000,152,NA,NA,NA,NA,"No"
1954,"The Butterfly Effect","2004-01-17",6.3371,7.575,8185,13000000,96800000,113,NA,NA,NA,NA,"No"
4402,"Part of the Game","2004-12-03",6.2713,7,1,0,0,100,NA,NA,NA,NA,"No"
15165,"Barbie as The Princess & the Pauper","2004-09-28",6.2264,7.478,1531,0,0,86,NA,NA,NA,NA,"No"
5255,"The Polar Express","2004-11-10",6.1899,6.723,6854,165000000,318432432,100,NA,NA,NA,NA,"No"
2502,"The Bourne Supremacy","2004-07-23",6.0811,7.329,8115,75000000,288500217,108,NA,NA,NA,NA,"No"
11636,"New Police Story","2004-09-23",6.0402,7.138,821,20000000,8712057,123,NA,NA,NA,NA,"No"
5460,"Cruel Intentions 3","2004-08-10",6.0311,4.848,247,0,0,85,NA,NA,NA,NA,"No"
435,"The Day After Tomorrow","2004-05-26",6.0169,6.553,8810,125000000,552639571,123,NA,NA,NA,NA,"No"
9352,"EuroTrip","2004-02-20",5.964,6.615,2932,25000000,22605153,92,NA,NA,NA,NA,"No"
1538,"Collateral","2004-08-04",5.8824,7.243,6234,65000000,220239925,120,NA,NA,NA,NA,"No"
16617,"Mindhunters","2004-05-07",5.8614,6.455,1312,27000000,21100000,106,NA,NA,NA,NA,"No"
13700,"Home on the Range","2004-04-02",5.6692,6.05,2143,110000000,145358062,76,NA,NA,NA,NA,"No"
2059,"National Treasure","2004-11-19",5.6112,6.65,6828,100000000,347500000,131,NA,NA,NA,NA,"No"
11430,"The Lion King 1½","2004-10-28",5.5808,6.581,3136,0,1465,77,NA,NA,NA,NA,"No"
163,"Ocean's Twelve","2004-12-09",5.5086,6.566,7853,110000000,362744280,125,NA,NA,NA,NA,"No"
1966,"Alexander","2004-11-21",5.37,5.954,3492,155000000,167298192,176,NA,NA,NA,NA,"No"
1487,"Hellboy","2004-04-02",5.3494,6.674,7390,66000000,99318987,122,NA,NA,NA,NA,"No"
613,"Downfall","2004-09-16",5.2342,7.861,4279,16000000,92181574,155,NA,NA,NA,NA,"No"
4553,"The Machinist","2004-09-24",5.0672,7.521,6115,5000000,8203235,102,NA,NA,NA,NA,"No"
693,"Meet the Fockers","2004-12-22",5.0626,6.253,5133,80000000,516642939,115,NA,NA,NA,NA,"No"
9833,"The Phantom of the Opera","2004-12-08",4.93,7.265,1765,70000000,154674241,141,NA,NA,NA,NA,"No"
8920,"Garfield","2004-06-10",4.9112,5.727,4225,50000000,200800000,80,NA,NA,NA,NA,"No"
12242,"Mulan II","2004-11-03",4.8877,6.518,2494,0,0,79,NA,NA,NA,NA,"No"
9477,"King Arthur","2004-07-07",4.8308,6.306,2914,120000000,203567857,126,NA,NA,NA,NA,"No"
314,"Catwoman","2004-07-22",4.8042,4.616,3569,100000000,82102379,104,NA,NA,NA,NA,"No"
36648,"Blade: Trinity","2004-12-08",4.8004,5.858,4284,65000000,128905366,113,NA,NA,NA,NA,"No"
48266,"Ma mère","2004-05-19",4.7596,4.509,176,0,0,112,NA,NA,NA,NA,"No"
11045,"Taxi","2004-10-06",4.6337,5.548,1158,25000000,71255003,97,NA,NA,NA,NA,"No"
39203,"Detective Conan: Magician of the Silver Sky","2004-04-17",4.6168,7.044,170,0,22618511,110,NA,NA,NA,NA,"No"
844,"2046","2004-09-29",4.5154,7.227,1068,12000000,20205757,128,NA,NA,NA,NA,"No"
395,"AVP: Alien vs. Predator","2004-08-12",4.4478,5.945,4924,70000000,177427090,101,NA,NA,NA,NA,"No"
11249,"Seed of Chucky","2004-11-12",4.3943,5.512,1749,12000000,24829644,86,NA,NA,NA,NA,"No"
292047,"Tokyo Noir","2004-09-24",4.2286,9,3,0,0,127,NA,NA,NA,NA,"No"
5528,"The Chorus","2004-03-17",4.205,7.738,2601,5300000,83600000,97,NA,NA,NA,NA,"No"
14442,"Ella Enchanted","2004-04-09",4.1845,6.477,1960,31000000,27400000,96,NA,NA,NA,NA,"No"
10740,"Birth","2004-10-29",4.1841,6.033,753,20000000,23900000,100,NA,NA,NA,NA,"No"
1970,"The Grudge","2004-10-22",4.1828,5.926,3170,10000000,183474602,92,NA,NA,NA,NA,"No"
16907,"Naruto the Movie: Ninja Clash in the Land of Snow","2004-08-21",4.1812,7.3,610,0,11141307,82,NA,NA,NA,NA,"No"
15767,"Godzilla: Final Wars","2004-12-04",4.1477,7.075,361,19500000,1.2e+07,125,NA,NA,NA,NA,"No"
10589,"After the Sunset","2004-11-12",4.1098,6.169,854,60000000,61300000,97,NA,NA,NA,NA,"No"
9472,"DodgeBall: A True Underdog Story","2004-06-18",4.1033,6.361,3806,20000000,168423227,93,NA,NA,NA,NA,"No"
438,"Cube Zero","2004-10-10",4.0746,5.664,1143,825000,0,97,NA,NA,NA,NA,"No"
192904,"Doraemon: Nobita in the Wan-Nyan Spacetime Odyssey","2004-03-06",4.0376,7.3,30,0,27213282,89,NA,NA,NA,NA,"No"
8699,"Anchorman: The Legend of Ron Burgundy","2004-06-28",3.9898,6.704,4568,26000000,90574188,95,NA,NA,NA,NA,"No"
11237,"Anacondas: The Hunt for the Blood Orchid","2004-08-25",3.9455,5.498,1091,20000000,70992898,96,NA,NA,NA,NA,"No"
11774,"Lemony Snicket's A Series of Unfortunate Events","2004-12-16",3.9363,6.818,5265,140000000,209073645,108,NA,NA,NA,NA,"No"
10204,"Around the World in 80 Days","2004-06-16",3.9204,5.949,2691,110000000,72178895,120,NA,NA,NA,NA,"No"
36592,"Swing Girls","2004-09-11",3.9163,7.882,157,0,18758613,105,NA,NA,NA,NA,"No"
12140,"Ghost in the Shell 2: Innocence","2004-03-06",3.9118,7.3,971,0,10079829,100,NA,NA,NA,NA,"No"
5966,"Along Came Polly","2004-01-16",3.8846,6.029,3007,42000000,178300000,90,NA,NA,NA,NA,"No"
9550,"House of Flying Daggers","2004-08-03",3.766,7.265,1783,15000000,92863945,119,NA,NA,NA,NA,"No"
80,"Before Sunset","2004-06-16",3.7604,7.81,3771,2700000,15992615,80,NA,NA,NA,NA,"No"
6947,"The Village","2004-07-30",3.7286,6.482,4557,60000000,256700000,108,NA,NA,NA,NA,"No"
11358,"Walking Tall","2004-04-02",3.6773,6.311,1645,46000000,57223888,86,NA,NA,NA,NA,"No"
1577,"Resident Evil: Apocalypse","2004-09-10",3.668,6.356,4713,45000000,129342769,94,NA,NA,NA,NA,"No"
10838,"Dracula 3000","2004-08-09",3.6461,2.819,152,0,0,86,NA,NA,NA,NA,"No"
1586,"Secret Window","2004-03-12",3.6356,6.565,3911,40000000,92900000,96,NA,NA,NA,NA,"No"
9759,"Cellular","2004-09-06",3.6242,6.395,2073,25000000,57678321,94,NA,NA,NA,NA,"No"
13969,"First Daughter","2004-09-24",3.6149,6.16,1001,30000000,10592180,105,NA,NA,NA,NA,"No"
10718,"Torque","2004-01-16",3.6013,5.292,630,40000000,46546197,84,NA,NA,NA,NA,"No"
205,"Hotel Rwanda","2004-12-22",3.5649,7.719,3151,17500000,3.8e+07,122,NA,NA,NA,NA,"No"
2517,"Nobody Knows","2004-08-07",3.481,7.988,634,0,0,141,NA,NA,NA,NA,"No"
21778,"RRRrrrr!!!","2004-01-28",3.4669,6.297,1248,17820000,14054361,98,NA,NA,NA,NA,"No"
8193,"Napoleon Dynamite","2004-06-11",3.4662,6.788,2142,400000,46118097,95,NA,NA,NA,NA,"No"
421,"The Life Aquatic with Steve Zissou","2004-12-10",3.4547,7.075,3150,50000000,34808403,119,NA,NA,NA,NA,"No"
17741,"Stoned","2005-11-18",24.0045,5.125,52,0,0,102,NA,NA,NA,NA,"No"
1495,"Kingdom of Heaven","2005-05-03",17.4796,7.025,4897,130000000,218366336,144,NA,NA,NA,NA,"No"
674,"Harry Potter and the Goblet of Fire","2005-11-16",16.5497,7.801,22068,150000000,895921036,157,NA,NA,NA,NA,"No"
953,"Madagascar","2005-05-25",13.6574,6.922,11678,75000000,542064525,86,NA,NA,NA,NA,"No"
272,"Batman Begins","2005-06-10",13.4674,7.724,22513,150000000,374218673,140,NA,NA,NA,NA,"No"
4348,"Pride & Prejudice","2005-09-16",13.1306,8.05,8724,28000000,124604345,128,NA,NA,NA,NA,"No"
561,"Constantine","2005-02-08",11.9761,7.123,7963,100000000,230900000,121,NA,NA,NA,NA,"No"
59,"A History of Violence","2005-09-23",11.5926,7.163,3701,32000000,61477797,96,NA,NA,NA,NA,"No"
411,"The Chronicles of Narnia: The Lion, the Witch and the Wardrobe","2005-12-07",11.5051,7.134,11450,180000000,745013115,143,NA,NA,NA,NA,"No"
1895,"Star Wars: Episode III - Revenge of the Sith","2005-05-17",11.1243,7.465,14869,113000000,8.5e+08,140,NA,NA,NA,NA,"No"
787,"Mr. & Mrs. Smith","2005-06-07",10.17,6.691,11175,110000000,487287646,120,NA,NA,NA,NA,"No"
244998,"Senario XX","2005-05-19",10.1071,0,0,0,0,93,NA,NA,NA,NA,"No"
118,"Charlie and the Chocolate Factory","2005-07-13",10.0784,7.038,16065,150000000,4.75e+08,115,NA,NA,NA,NA,"No"
142,"Brokeback Mountain","2005-10-22",9.3738,7.785,7518,14000000,178043761,134,NA,NA,NA,NA,"No"
3933,"Corpse Bride","2005-09-12",9.3033,7.585,10131,40000000,118133252,77,NA,NA,NA,NA,"No"
254,"King Kong","2005-12-12",9.2208,6.887,8465,207000000,562363449,188,NA,NA,NA,NA,"No"
74,"War of the Worlds","2005-06-28",8.995,6.536,9125,132000000,603873119,117,NA,NA,NA,NA,"No"
9291,"The Longest Yard","2005-05-27",8.7106,6.668,3659,90000000,191466556,113,NA,NA,NA,NA,"No"
9982,"Chicken Little","2005-11-04",7.764,5.903,4130,150000000,314400000,81,NA,NA,NA,NA,"No"
418578,"The Quest of the Sex: A Holly Hole","2005-08-03",7.7445,4,1,0,0,88,NA,NA,NA,NA,"No"
9738,"Fantastic Four","2005-06-29",7.5585,5.806,9953,100000000,333535934,106,NA,NA,NA,NA,"No"
9392,"The Descent","2005-07-08",7.2407,6.978,4359,3500000,57130027,100,NA,NA,NA,NA,"No"
9928,"Robots","2005-03-10",7.0847,6.483,4888,75000000,262511490,90,NA,NA,NA,NA,"No"
11653,"The Myth","2005-05-11",6.861,6.417,416,15000000,6669097,118,NA,NA,NA,NA,"No"
6957,"The 40 Year Old Virgin","2005-08-11",6.6375,6.421,7191,26000000,177400000,116,NA,NA,NA,NA,"No"
16320,"Serenity","2005-09-25",6.6345,7.361,3851,39000000,38869464,119,NA,NA,NA,NA,"No"
1635,"The Island","2005-07-21",6.4542,6.7,5851,126000000,162949164,136,NA,NA,NA,NA,"No"
10022,"The Pacifier","2005-03-04",6.3769,6.067,3240,56000000,198636868,95,NA,NA,NA,NA,"No"
9335,"Transporter 2","2005-08-03",6.3323,6.329,3926,32000000,89100000,88,NA,NA,NA,NA,"No"
1656,"The Legend of Zorro","2005-10-24",6.2574,6.123,3074,75000000,142400065,129,NA,NA,NA,NA,"No"
14003,"Fullmetal Alchemist the Movie: Conqueror of Shamballa","2005-07-21",5.976,7.307,391,0,10197984,105,NA,NA,NA,NA,"No"
187,"Sin City","2005-04-01",5.8339,7.464,8793,40000000,158733820,124,NA,NA,NA,NA,"No"
215,"Saw II","2005-10-28",5.8307,6.606,5842,4000000,152925093,93,NA,NA,NA,NA,"No"
44935,"Art of the Devil 2","2005-12-01",5.6961,6.734,126,0,0,102,NA,NA,NA,NA,"No"
11679,"xXx: State of the Union","2005-04-27",5.6927,5.092,2023,60000000,71410636,101,NA,NA,NA,NA,"No"
10214,"Son of the Mask","2005-02-11",5.6559,4.199,1954,84000000,59918422,94,NA,NA,NA,NA,"No"
10066,"House of Wax","2005-05-05",5.5837,6.024,3316,40000000,68766121,113,NA,NA,NA,NA,"No"
11283,"Nanny McPhee","2005-10-21",5.4542,6.688,3210,25000000,123276807,97,NA,NA,NA,NA,"No"
7453,"The Hitchhiker's Guide to the Galaxy","2005-04-28",5.4053,6.684,4216,50000000,104500000,109,NA,NA,NA,NA,"No"
9522,"Wedding Crashers","2005-07-13",5.3947,6.497,4682,40000000,288500000,119,NA,NA,NA,NA,"No"
11459,"Sky High","2005-07-29",5.3314,6.3,2450,35000000,86369815,100,NA,NA,NA,NA,"No"
1830,"Lord of War","2005-09-16",5.2758,7.344,5305,50000000,72600000,122,NA,NA,NA,NA,"No"
9753,"Three","2005-11-16",5.2214,5.607,286,9000000,0,95,NA,NA,NA,NA,"No"
7214,"Coach Carter","2005-01-14",5.199,7.573,3265,30000000,76669554,136,NA,NA,NA,NA,"No"
5070,"How Much Do You Love Me?","2005-10-26",5.0118,5.867,215,0,0,95,NA,NA,NA,NA,"No"
142093,"The Intimate","2005-12-08",4.9681,6.147,34,0,0,98,NA,NA,NA,NA,"No"
8488,"Hitch","2005-02-11",4.9062,6.579,6199,70000000,371600000,118,NA,NA,NA,NA,"No"
1904,"Memoirs of a Geisha","2005-12-06",4.8157,7.64,3370,85000000,162242962,146,NA,NA,NA,NA,"No"
8274,"American Pie Presents: Band Camp","2005-11-23",4.7969,5.462,2223,7000000,0,94,NA,NA,NA,NA,"No"
6795,"Zathura: A Space Adventure","2005-11-06",4.791,6.434,3555,65000000,65079104,101,NA,NA,NA,NA,"No"
1640,"Crash","2005-05-06",4.7889,7.217,3854,6500000,98400000,112,"2005(78th)","Crash","Paul Haggis and Cathy Schulman",2005,"Yes"
10982,"Hoodwinked!","2005-12-16",4.7739,6.277,1893,8000000,1.1e+08,81,NA,NA,NA,NA,"No"
14174,"Lie with Me","2005-11-11",4.6229,5.2,313,2200000,0,93,NA,NA,NA,NA,"No"
8292,"Four Brothers","2005-08-11",4.6019,6.801,2385,45000000,92374674,109,NA,NA,NA,NA,"No"
10033,"Just Friends","2005-11-23",4.5337,6.204,1776,0,50817508,94,NA,NA,NA,NA,"No"
47525,"The Magic of Ordinary Days","2005-01-30",4.5206,7.309,97,0,0,120,NA,NA,NA,NA,"No"
6519,"The Dukes of Hazzard","2005-08-05",4.4974,5.611,1298,50000000,110803676,104,NA,NA,NA,NA,"No"
533,"Wallace & Gromit: The Curse of the Were-Rabbit","2005-09-15",4.4602,7.118,3062,30000000,192610372,85,NA,NA,NA,NA,"No"
39204,"Detective Conan: Strategy Above the Depths","2005-04-09",4.4495,6.9,152,0,20768817,110,NA,NA,NA,NA,"No"
9641,"Cheaper by the Dozen 2","2005-12-21",4.4348,6.164,2089,60000000,129181830,94,NA,NA,NA,NA,"No"
8982,"The Protector","2005-08-11",4.4144,7.112,927,6000000,27165581,105,NA,NA,NA,NA,"No"
2313,"Prime","2005-09-21",4.3608,5.985,841,22000000,67900000,102,NA,NA,NA,NA,"No"
11683,"Land of the Dead","2005-06-18",4.3246,6.206,1742,15000000,47074133,93,NA,NA,NA,NA,"No"
116,"Match Point","2005-10-26",4.3005,7.358,4359,15000000,85638656,124,NA,NA,NA,NA,"No"
8814,"Doom","2005-10-20",4.2998,5.186,2420,60000000,58100000,105,NA,NA,NA,NA,"No"
9947,"Elektra","2005-01-13",4.2603,5.05,2647,43000000,56681566,97,NA,NA,NA,NA,"No"
25,"Jarhead","2005-11-04",4.1854,6.7,3157,72000000,97076152,123,NA,NA,NA,NA,"No"
11453,"Deuce Bigalow: European Gigolo","2005-08-12",4.1479,5.292,1011,22000000,45109561,83,NA,NA,NA,NA,"No"
4550,"Lady Vengeance","2005-07-29",4.0777,7.535,1930,0,23803308,115,NA,NA,NA,NA,"No"
8643,"The Exorcism of Emily Rose","2005-09-09",4.0619,6.604,3036,19000000,145166804,122,NA,NA,NA,NA,"No"
125565,"Zatch Bell! Attack of Mechavulcan","2005-08-06",4.0399,7.655,29,0,0,83,NA,NA,NA,NA,"No"
44729,"One Piece: Baron Omatsuri and the Secret Island","2005-03-05",4.0277,7.2,242,0,10494545,91,NA,NA,NA,NA,"No"
7553,"Waiting...","2005-10-07",4.026,6.208,977,3000000,18637690,94,NA,NA,NA,NA,"No"
69,"Walk the Line","2005-09-13",4.0034,7.497,3123,28000000,186800000,136,NA,NA,NA,NA,"No"
14695,"Havoc","2005-10-16",3.9972,5.265,353,9000000,371000,86,NA,NA,NA,NA,"No"
10320,"The Ring Two","2005-03-10",3.9894,5.754,2443,50000000,161451538,109,NA,NA,NA,NA,"No"
20760,"Lilo & Stitch 2: Stitch Has a Glitch","2005-08-22",3.9661,6.685,1620,0,0,68,NA,NA,NA,NA,"No"
647,"Final Fantasy VII: Advent Children","2005-07-14",3.9462,7.16,1232,0,0,101,NA,NA,NA,NA,"No"
4442,"The Brothers Grimm","2005-08-26",3.9455,5.852,2943,88000000,105300000,118,NA,NA,NA,NA,"No"
11451,"Herbie Fully Loaded","2005-06-19",3.9422,5.825,2408,50000000,144100000,101,NA,NA,NA,NA,"No"
612,"Munich","2005-12-23",3.9335,7.134,2981,70000000,130982129,164,NA,NA,NA,NA,"No"
9315,"Flightplan","2005-09-22",3.9311,6.447,2947,55000000,223387299,98,NA,NA,NA,NA,"No"
7364,"Sahara","2005-04-06",3.9267,5.914,1637,130000000,119269486,124,NA,NA,NA,NA,"No"
921,"Cinderella Man","2005-06-02",3.9172,7.573,2403,88000000,108539911,144,NA,NA,NA,NA,"No"
11460,"Red Eye","2005-08-10",3.863,6.396,2510,26000000,57891803,85,NA,NA,NA,NA,"No"
42246,"Tom and Jerry: The Fast and the Furry","2005-09-03",3.8073,7.1,304,0,0,75,NA,NA,NA,NA,"No"
11400,"The New World","2005-12-25",3.7909,6.514,1272,30000000,30500000,151,NA,NA,NA,NA,"No"
9007,"Just Like Heaven","2005-09-16",3.7796,6.957,2559,58000000,102900000,95,NA,NA,NA,NA,"No"
9042,"The Cave","2005-08-26",3.7638,5.449,1014,30000000,33296457,97,NA,NA,NA,NA,"No"
13461,"Melissa P.","2005-11-18",3.7561,4.669,603,0,7450832,100,NA,NA,NA,NA,"No"
13417,"Kronk's New Groove","2005-12-05",3.7267,6.411,1343,0,0,75,NA,NA,NA,NA,"No"
34067,"Pokémon: Lucario and the Mystery of Mew","2005-07-16",3.6947,7,329,0,37228626,103,NA,NA,NA,NA,"No"
15906,"Barbie and the Magic of Pegasus","2005-10-04",3.6921,7.2,770,0,0,85,NA,NA,NA,NA,"No"
16910,"Naruto the Movie: Legend of the Stone of Gelel","2005-08-06",3.6813,6.8,434,0,10198805,97,NA,NA,NA,NA,"No"
4379,"Monster-in-Law","2005-05-13",3.6749,6.209,1750,43000000,154749918,101,NA,NA,NA,NA,"No"
11171,"Mysterious Skin","2005-03-30",3.6688,7.713,1264,3000000,2148548,105,NA,NA,NA,NA,"No"
10027,"Unleashed","2005-02-02",3.6579,6.938,2165,45000000,50871113,103,NA,NA,NA,NA,"No"
5289,"Chaos","2005-01-17",3.6541,6.329,1139,30000000,7e+06,106,NA,NA,NA,NA,"No"
10060,"Get Rich or Die Tryin'","2005-11-09",3.596,6.799,1029,40000000,46442528,117,NA,NA,NA,NA,"No"
10065,"The Amityville Horror","2005-04-14",3.5765,6.119,2345,19000000,107516369,90,NA,NA,NA,NA,"No"
350,"The Devil Wears Prada","2006-06-29",237.6777,7.39,13197,35000000,326588371,109,NA,NA,NA,NA,"No"
1579,"Apocalypto","2006-12-07",59.8177,7.601,6223,40000000,120654337,138,NA,NA,NA,NA,"No"
805681,"Deepfrozen","2006-09-07",21.919,9,1,0,0,92,NA,NA,NA,NA,"No"
58,"Pirates of the Caribbean: Dead Man's Chest","2006-07-06",17.2246,7.375,17073,200000000,1066179747,151,NA,NA,NA,NA,"No"
920,"Cars","2006-06-08",15.0997,7.025,15044,120000000,461983149,117,NA,NA,NA,NA,"No"
1124,"The Prestige","2006-10-19",12.9485,8.207,17503,40000000,109676311,130,NA,NA,NA,NA,"No"
1422,"The Departed","2006-10-04",11.9207,8.16,16118,90000000,291465000,151,"2006(79th)","The Departed","Graham King",2006,"Yes"
36557,"Casino Royale","2006-11-14",10.379,7.569,11634,150000000,599045960,144,NA,NA,NA,NA,"No"
9072,"Little Man","2006-08-31",10.0947,5.936,1885,64000000,104003322,98,NA,NA,NA,NA,"No"
950,"Ice Age: The Meltdown","2006-03-29",9.678,6.7,10309,80000000,660998756,91,NA,NA,NA,NA,"No"
1417,"Pan's Labyrinth","2006-10-11",9.452,7.763,11398,19000000,83258226,118,NA,NA,NA,NA,"No"
1593,"Night at the Museum","2006-12-20",8.8262,6.598,10917,110000000,574480841,108,NA,NA,NA,NA,"No"
1402,"The Pursuit of Happyness","2006-12-14",8.8232,7.885,10546,55000000,307077295,117,NA,NA,NA,NA,"No"
752,"V for Vendetta","2006-02-23",8.3926,7.9,15500,54000000,134686457,132,NA,NA,NA,NA,"No"
624479,"Superman II: The Richard Donner Cut","2006-11-02",8.3532,7.346,381,54000000,0,116,NA,NA,NA,NA,"No"
588,"Silent Hill","2006-04-21",8.0729,6.622,4837,50000000,100605135,125,NA,NA,NA,NA,"No"
9693,"Children of Men","2006-09-22",7.9954,7.609,7799,76000000,70595464,109,NA,NA,NA,NA,"No"
9339,"Click","2006-06-23",7.552,6.304,7530,82500000,240685326,107,NA,NA,NA,NA,"No"
4257,"Scary Movie 4","2006-04-12",7.4458,5.486,3563,40000000,178710620,83,NA,NA,NA,NA,"No"
9792,"The Hills Have Eyes","2006-03-10",7.3064,6.458,3318,15000000,69623713,107,NA,NA,NA,NA,"No"
7518,"Over the Hedge","2006-05-17",7.2378,6.591,4811,80000000,343397247,83,NA,NA,NA,NA,"No"
7512,"Idiocracy","2006-09-01",7.2168,6.368,3518,30000000,495303,85,NA,NA,NA,NA,"No"
4977,"Paprika","2006-10-01",7.2164,7.81,2837,2600000,946590,90,NA,NA,NA,NA,"No"
9655,"She's the Man","2006-03-17",7.2106,6.812,3270,20000000,57194667,105,NA,NA,NA,NA,"No"
956,"Mission: Impossible III","2006-04-25",7.1593,6.762,7578,150000000,398479497,126,NA,NA,NA,NA,"No"
9297,"Monster House","2006-06-30",7.0853,6.71,4309,75000000,140175006,91,NA,NA,NA,NA,"No"
9286,"Final Destination 3","2006-02-09",7.081,6.152,4538,25000000,118890272,92,NA,NA,NA,NA,"No"
11619,"Flushed Away","2006-10-22",7.0717,6.318,4072,149000000,178120010,85,NA,NA,NA,NA,"No"
591,"The Da Vinci Code","2006-05-17",6.9921,6.725,10014,125000000,760006945,149,NA,NA,NA,NA,"No"
1581,"The Holiday","2006-12-05",6.6799,7.098,5614,85000000,205233866,136,NA,NA,NA,NA,"No"
9836,"Happy Feet","2006-11-16",6.5527,6.222,5435,100000000,384335608,108,NA,NA,NA,NA,"No"
1427,"Perfume: The Story of a Murderer","2006-09-13",6.3857,7.4,4968,63700000,135039924,147,NA,NA,NA,NA,"No"
1378,"Shortbus","2006-10-04",6.3126,6.258,578,2000000,5557564,101,NA,NA,NA,NA,"No"
1372,"Blood Diamond","2006-12-08",6.1274,7.556,8284,100000000,171720398,143,NA,NA,NA,NA,"No"
14784,"The Fall","2006-09-09",6.099,7.625,1524,30000000,3984390,117,NA,NA,NA,NA,"No"
8275,"American Pie Presents: The Naked Mile","2006-12-13",6.0965,5.486,2180,0,0,97,NA,NA,NA,NA,"No"
1948,"Crank","2006-08-31",5.8874,6.653,4185,12000000,42900000,88,NA,NA,NA,NA,"No"
17422,"Summer Palace","2006-05-18",5.8479,7.3,112,0,0,135,NA,NA,NA,NA,"No"
2486,"Eragon","2006-12-14",5.7832,5.126,3435,100000000,250425512,104,NA,NA,NA,NA,"No"
33227,"Tapas","2006-07-06",5.7536,5.838,37,0,0,94,NA,NA,NA,NA,"No"
7551,"Déjà Vu","2006-11-22",5.5184,6.881,5252,75000000,180557550,126,NA,NA,NA,NA,"No"
9762,"Step Up","2006-08-11",5.514,6.871,3885,12000000,114197742,104,NA,NA,NA,NA,"No"
1452,"Superman Returns","2006-06-28",5.3404,5.803,4538,223000000,391081192,154,NA,NA,NA,NA,"No"
9353,"Nacho Libre","2006-06-16",5.3008,6.498,1823,35000000,99255460,92,NA,NA,NA,NA,"No"
9992,"Arthur and the Invisibles","2006-12-13",5.2875,6.385,3031,86000000,108605609,94,NA,NA,NA,NA,"No"
70841,"Doraemon: Nobita's Dinosaur","2006-03-04",5.2142,7.5,92,0,34740192,107,NA,NA,NA,NA,"No"
1164,"Babel","2006-10-26",5.1926,7.17,4053,25000000,135330835,143,NA,NA,NA,NA,"No"
10741,"Bobby","2006-09-05",5.1852,6.416,424,0,0,120,NA,NA,NA,NA,"No"
582,"The Lives of Others","2006-03-23",5.1305,8.037,4100,2000000,77672685,137,NA,NA,NA,NA,"No"
834,"Underworld: Evolution","2006-01-12",4.9686,6.602,4354,50000000,111476513,106,NA,NA,NA,NA,"No"
259878,"Holy Daddy","2006-08-24",4.9307,4,2,0,0,105,NA,NA,NA,NA,"No"
9530,"RV","2006-04-28",4.8773,5.888,1782,50000000,87528173,99,NA,NA,NA,NA,"No"
503,"Poseidon","2006-05-03",4.8461,5.872,2289,160000000,181700000,98,NA,NA,NA,NA,"No"
1246,"Rocky Balboa","2006-12-20",4.7908,6.878,3783,24000000,155929020,102,NA,NA,NA,NA,"No"
1255,"The Host","2006-07-27",4.7825,6.975,3101,11000000,88489643,120,NA,NA,NA,NA,"No"
388,"Inside Man","2006-03-17",4.774,7.404,6323,45000000,186003591,129,NA,NA,NA,NA,"No"
9788,"Accepted","2006-08-18",4.7502,6.442,1768,23000000,38505009,93,NA,NA,NA,NA,"No"
39205,"Detective Conan: The Private Eyes' Requiem","2006-04-15",4.7206,7.121,161,0,26251232,110,NA,NA,NA,NA,"No"
44730,"One Piece: Giant Mecha Soldier of Karakuri Castle","2006-03-04",4.7177,7,186,0,7232965,94,NA,NA,NA,NA,"No"
4643,"The Guardian","2006-09-28",4.7153,7.126,1660,10000000,94973540,139,NA,NA,NA,NA,"No"
7484,"Open Season","2006-09-27",4.7022,6.189,2977,85000000,200811689,86,NA,NA,NA,NA,"No"
1690,"Hostel","2006-01-06",4.691,5.957,3921,4800000,81979826,94,NA,NA,NA,NA,"No"
186,"Lucky Number Slevin","2006-02-24",4.6881,7.476,4433,27000000,56300000,110,NA,NA,NA,NA,"No"
37933,"Tales from Earthsea","2006-07-29",4.6101,6.531,1481,22000000,68625104,115,NA,NA,NA,NA,"No"
12096,"The Pink Panther","2006-02-10",4.5533,5.857,2107,65000000,158851357,93,NA,NA,NA,NA,"No"
14069,"The Girl Who Leapt Through Time","2006-07-15",4.5322,7.777,2228,0,3478290,98,NA,NA,NA,NA,"No"
9907,"Barnyard","2006-08-04",4.5002,5.925,1171,51000000,116755080,90,NA,NA,NA,NA,"No"
7549,"Fearless","2006-01-26",4.45,7.508,1395,0,68072848,103,NA,NA,NA,NA,"No"
496,"Borat: Cultural Learnings of America for Make Benefit Glorious Nation of Kazakhstan","2006-11-01",4.4237,6.784,5934,18000000,262552893,84,NA,NA,NA,NA,"No"
82,"Miami Vice","2006-07-27",4.3981,6.026,1949,135000000,163800000,132,NA,NA,NA,NA,"No"
9035,"Slither","2006-03-31",4.2748,6.54,1701,15000000,12834936,96,NA,NA,NA,NA,"No"
321013,"Tokyo Strangler","2006-06-09",4.2635,4.6,7,30000,0,62,NA,NA,NA,NA,"No"
16007,"Death Note","2006-06-17",4.2512,7.059,783,20000000,29667169,126,NA,NA,NA,NA,"No"
9767,"The Break-Up","2006-06-01",4.2428,5.9,2818,52000000,205700000,106,NA,NA,NA,NA,"No"
773,"Little Miss Sunshine","2006-07-26",4.1876,7.692,7808,8000000,100523351,102,NA,NA,NA,NA,"No"
1381,"The Fountain","2006-11-22",4.1804,6.908,3076,35000000,15304890,96,NA,NA,NA,NA,"No"
9708,"The Wicker Man","2006-08-31",4.1761,4.351,1410,40000000,38805380,102,NA,NA,NA,NA,"No"
214,"Saw III","2006-10-26",4.1288,6.418,4912,10000000,164874275,108,NA,NA,NA,NA,"No"
1247,"The Good Shepherd","2006-12-11",4.1214,6.352,1284,85000000,100266865,167,NA,NA,NA,NA,"No"
2044,"The Lake House","2006-06-16",4.1162,7.031,2957,40000000,114830111,99,NA,NA,NA,NA,"No"
18861,"Naruto the Movie: Guardians of the Crescent Moon Kingdom","2006-08-05",4.0864,7.1,483,0,3200000,95,NA,NA,NA,NA,"No"
42324,"My Wife Is a Gangster 3","2006-12-28",3.9446,5.9,52,9000000,0,115,NA,NA,NA,NA,"No"
3683,"Flags of Our Fathers","2006-10-19",3.9437,6.855,2009,90000000,65900249,135,NA,NA,NA,NA,"No"
326,"Snakes on a Plane","2006-08-17",3.9105,5.481,1965,33000000,62022014,105,NA,NA,NA,NA,"No"
10010,"Brother Bear 2","2006-08-17",3.9015,6.656,1556,0,0,73,NA,NA,NA,NA,"No"
13002,"Barbie in the 12 Dancing Princesses","2006-09-19",3.886,7.599,1242,0,0,83,NA,NA,NA,NA,"No"
1440,"Little Children","2006-10-06",3.8781,7.078,1136,26000000,14821658,137,NA,NA,NA,NA,"No"
9053,"DOA: Dead or Alive","2006-09-07",3.8727,5.254,910,21000000,7600000,87,NA,NA,NA,NA,"No"
15255,"Undisputed II: Last Man Standing","2006-04-11",3.858,7.352,913,8000000,7.1e+07,93,NA,NA,NA,NA,"No"
9906,"The Ant Bully","2006-07-28",3.8219,5.8,1460,50000000,55200000,89,NA,NA,NA,NA,"No"
1887,"Marie Antoinette","2006-05-24",3.8193,6.702,2947,40000000,60917189,123,NA,NA,NA,NA,"No"
186058,"Lady Red Rose","2006-05-27",3.7663,4.7,3,0,0,70,NA,NA,NA,NA,"No"
9904,"The Wild","2006-04-06",3.75,5.546,1126,80000000,102338515,82,NA,NA,NA,NA,"No"
7516,"Smokin' Aces","2006-12-09",3.6961,6.486,1823,17000000,57103895,109,NA,NA,NA,NA,"No"
3093,"Basic Instinct 2","2006-03-29",3.6937,4.986,835,70000000,38629478,116,NA,NA,NA,NA,"No"
9829,"United 93","2006-04-28",3.6525,7.107,1629,15000000,76300000,111,NA,NA,NA,NA,"No"
10947,"High School Musical","2006-01-20",3.6119,6.5,4774,4200000,3746,98,NA,NA,NA,NA,"No"
9766,"Gridiron Gang","2006-09-15",3.596,7.05,1086,30000000,41500000,125,NA,NA,NA,NA,"No"
1251,"Letters from Iwo Jima","2006-12-09",3.5738,7.478,2263,19000000,68673228,141,NA,NA,NA,NA,"No"
36239,"Slaughtered Vomit Dolls","2006-02-14",3.5645,3.949,117,100000,0,71,NA,NA,NA,NA,"No"
2062,"Ratatouille","2007-06-28",17.0412,7.839,18396,150000000,623726000,111,NA,NA,NA,NA,"No"
559,"Spider-Man 3","2007-05-01",15.8492,6.455,15141,258000000,894983373,139,NA,NA,NA,NA,"No"
675,"Harry Potter and the Order of the Phoenix","2007-07-08",14.6868,7.671,20720,150000000,938212738,138,NA,NA,NA,NA,"No"
285,"Pirates of the Caribbean: At World's End","2007-05-19",13.9221,7.266,15383,300000000,961691209,169,NA,NA,NA,NA,"No"
4588,"Lust, Caution","2007-09-24",11.8753,7.266,795,15000000,67100000,158,NA,NA,NA,NA,"No"
1265,"Bridge to Terabithia","2007-02-15",11.4741,7.309,5193,60000000,137587063,95,NA,NA,NA,NA,"No"
6977,"No Country for Old Men","2007-11-09",11.2532,7.95,13232,25000000,171627166,122,"2007(80th)","No Country for Old Men","Scott Rudin, Joel Coen, and Ethan Coen",2007,"Yes"
6615,"Lars and the Real Girl","2007-10-12",11.2209,7.198,2052,12000000,11293663,107,NA,NA,NA,NA,"No"
6479,"I Am Legend","2007-12-12",11.0453,7.21,16759,150000000,585410052,101,NA,NA,NA,NA,"No"
7485,"Shooter","2007-03-22",10.4452,7.118,5414,61000000,95700000,124,NA,NA,NA,NA,"No"
9757,"Norbit","2007-02-08",10.4264,5.666,2580,10000000,159814490,102,NA,NA,NA,NA,"No"
13186,"Wrong Turn 2: Dead End","2007-08-25",10.266,6.13,1530,4000000,0,97,NA,NA,NA,NA,"No"
838365,"Cloud","2007-06-27",10.0277,1,2,0,0,0,NA,NA,NA,NA,"No"
1271,"300","2007-03-07",9.5029,7.197,14664,65000000,456082343,117,NA,NA,NA,NA,"No"
1949,"Zodiac","2007-03-02",9.2425,7.529,11497,65000000,84785914,157,NA,NA,NA,NA,"No"
810,"Shrek the Third","2007-05-17",9.1666,6.306,9737,160000000,813367380,93,NA,NA,NA,NA,"No"
56552,"The Valley of Light","2007-01-28",9.1245,6.477,22,0,0,97,NA,NA,NA,NA,"No"
8363,"Superbad","2007-08-17",9.0476,7.261,8036,20000000,170800000,113,NA,NA,NA,NA,"No"
1250,"Ghost Rider","2007-01-15",8.5125,5.591,6419,110000000,228738393,114,NA,NA,NA,NA,"No"
7345,"There Will Be Blood","2007-12-26",8.1723,8.076,7393,25000000,77208711,158,NA,NA,NA,NA,"No"
5174,"Rush Hour 3","2007-08-08",7.9474,6.487,3690,140000000,258097122,90,NA,NA,NA,NA,"No"
4982,"American Gangster","2007-11-02",7.9222,7.589,6000,100000000,269755430,157,NA,NA,NA,NA,"No"
30112,"Lost in Beijing","2007-09-26",7.679,6.6,62,0,5095696,112,NA,NA,NA,NA,"No"
5915,"Into the Wild","2007-09-21",7.5958,7.797,10099,15000000,56255142,148,NA,NA,NA,NA,"No"
6477,"Alvin and the Chipmunks","2007-12-13",7.5794,5.833,4721,60000000,361366633,92,NA,NA,NA,NA,"No"
5559,"Bee Movie","2007-10-28",7.4911,6.037,5234,150000000,287594577,91,NA,NA,NA,NA,"No"
4347,"Atonement","2007-02-27",7.426,7.635,4677,30000000,131016624,123,NA,NA,NA,NA,"No"
1562,"28 Weeks Later","2007-04-26",7.3906,6.6,5523,15000000,72304846,99,NA,NA,NA,NA,"No"
2270,"Stardust","2007-08-10",7.2966,7.288,4422,70000000,137500000,127,NA,NA,NA,NA,"No"
440,"Aliens vs Predator: Requiem","2007-12-25",7.2485,5.179,3296,40000000,130290885,94,NA,NA,NA,NA,"No"
38142,"5 Centimeters per Second","2007-03-03",7.1673,7.291,2140,5000000,548192,63,NA,NA,NA,NA,"No"
35,"The Simpsons Movie","2007-07-25",6.8345,7.021,8517,75000000,527068851,87,NA,NA,NA,NA,"No"
2503,"The Bourne Ultimatum","2007-08-03",6.8295,7.436,8325,70000000,442824138,115,NA,NA,NA,NA,"No"
14324,"Virgin Territory","2007-12-17",6.7494,4.9,367,38000000,5410749,93,NA,NA,NA,NA,"No"
4638,"Hot Fuzz","2007-02-14",6.5976,7.564,8286,12000000,80600000,121,NA,NA,NA,NA,"No"
4523,"Enchanted","2007-11-20",6.582,6.84,5685,85000000,340487652,107,NA,NA,NA,NA,"No"
5876,"The Mist","2007-11-21",6.4499,6.943,5798,18000000,57470220,126,NA,NA,NA,NA,"No"
6145,"Fracture","2007-04-19",6.1742,7.261,4288,10000000,91354215,113,NA,NA,NA,NA,"No"
1738,"Next","2007-04-25",6.1552,6.127,3246,70000000,76066841,96,NA,NA,NA,NA,"No"
1267,"Meet the Robinsons","2007-03-23",6.1506,6.9,3107,150000000,169332978,95,NA,NA,NA,NA,"No"
13885,"Sweeney Todd: The Demon Barber of Fleet Street","2007-12-21",6.0661,7.178,6313,50000000,153384272,116,NA,NA,NA,NA,"No"
1268,"Mr. Bean's Holiday","2007-03-22",5.9492,6.384,3098,25000000,232225908,90,NA,NA,NA,NA,"No"
2310,"Beowulf","2007-11-05",5.8622,5.914,3041,70000000,195735876,115,NA,NA,NA,NA,"No"
13483,"Awake","2007-11-28",5.8522,6.546,1516,86000000,14373825,84,NA,NA,NA,NA,"No"
1272,"Sunshine","2007-04-05",5.8262,6.967,4231,50000000,34800000,108,NA,NA,NA,NA,"No"
1979,"Fantastic Four: Rise of the Silver Surfer","2007-06-13",5.631,5.632,8369,130000000,301913131,92,NA,NA,NA,NA,"No"
2268,"The Golden Compass","2007-12-04",5.5655,6.083,4814,180000000,372234864,113,NA,NA,NA,NA,"No"
10431,"War","2007-08-24",5.5104,6.395,2027,25000000,40452643,103,NA,NA,NA,NA,"No"
4964,"Knocked Up","2007-06-01",5.4312,6.303,4256,30000000,219900000,129,NA,NA,NA,NA,"No"
8277,"American Pie Presents: Beta House","2007-12-19",5.39,5.634,2007,10000000,18610260,89,NA,NA,NA,NA,"No"
9408,"Surf's Up","2007-06-08",5.3847,6.494,2728,85000000,1.49e+08,85,NA,NA,NA,NA,"No"
1571,"Live Free or Die Hard","2007-06-20",5.3171,6.641,6313,110000000,383531464,128,NA,NA,NA,NA,"No"
9793,"The Hills Have Eyes 2","2007-03-22",5.2612,5.565,1602,15000000,37697773,89,NA,NA,NA,NA,"No"
3021,"1408","2007-06-22",5.2375,6.7,4862,25000000,1.33e+08,104,NA,NA,NA,NA,"No"
1620,"Hitman","2007-11-21",5.2328,6.153,3637,24000000,101276318,89,NA,NA,NA,NA,"No"
1991,"Death Proof","2007-05-22",5.1577,6.84,5597,25000000,31126421,113,NA,NA,NA,NA,"No"
14001,"Dead Silence","2007-03-16",5.0957,6.448,2436,20000000,22382047,89,NA,NA,NA,NA,"No"
15137,"Evangelion: 1.0 You Are (Not) Alone","2007-09-01",5.0564,7.596,1083,7000000,20121073,101,NA,NA,NA,NA,"No"
7508,"Like Stars on Earth","2007-12-21",5.0088,7.959,1320,2600000,28430000,162,NA,NA,NA,NA,"No"
6637,"National Treasure: Book of Secrets","2007-12-19",4.9635,6.374,5521,130000000,459200000,124,NA,NA,NA,NA,"No"
8329,"[REC]","2007-11-23",4.9451,7.226,4833,1500000,32511655,78,NA,NA,NA,NA,"No"
2976,"Hairspray","2007-07-19",4.9284,6.664,2612,75000000,90450008,116,NA,NA,NA,NA,"No"
10030,"Good Luck Chuck","2007-09-21",4.9221,5.9,1641,25000000,59768495,101,NA,NA,NA,NA,"No"
7326,"Juno","2007-12-05",4.8876,7.059,7606,7500000,232372681,96,NA,NA,NA,NA,"No"
2239,"Hallam Foe","2007-08-30",4.825,6.663,183,8000000,2149799,95,NA,NA,NA,NA,"No"
298,"Ocean's Thirteen","2007-06-05",4.6773,6.725,6851,85000000,311312624,122,NA,NA,NA,NA,"No"
13195,"Flawless","2007-09-01",4.6501,6.768,623,20000000,6819587,108,NA,NA,NA,NA,"No"
13161,"Big Stan","2007-11-03",4.6192,6.596,1030,7500000,8742330,109,NA,NA,NA,NA,"No"
20982,"Naruto Shippuden the Movie","2007-08-04",4.5843,7.4,1057,0,13219807,94,NA,NA,NA,NA,"No"
663,"Saw IV","2007-10-25",4.4795,6.163,4085,10000000,139352653,93,NA,NA,NA,NA,"No"
13637,"Sukiyaki Western Django","2007-09-15",4.4726,6.2,362,3800000,2725258,121,NA,NA,NA,NA,"No"
39206,"Detective Conan: Jolly Roger in the Deep Azure","2007-04-21",4.4626,6.5,146,0,22053994,110,NA,NA,NA,NA,"No"
5176,"3:10 to Yuma","2007-09-06",4.4214,7.227,4001,55000000,7e+07,122,NA,NA,NA,NA,"No"
7347,"Elite Squad","2007-10-05",4.2766,8.057,2692,4000000,14759148,115,NA,NA,NA,NA,"No"
11199,"Wild Hogs","2007-03-02",4.2513,5.969,2441,60000000,253625427,100,NA,NA,NA,NA,"No"
2698,"Evan Almighty","2007-06-09",4.227,5.584,4537,175000000,174440724,96,NA,NA,NA,NA,"No"
3638,"No Reservations","2007-06-15",4.2149,6.696,1482,28000000,92601050,104,NA,NA,NA,NA,"No"
6537,"The Orphanage","2007-05-20",4.1202,7.226,3110,3400000,78638987,105,NA,NA,NA,NA,"No"
9760,"Epic Movie","2007-01-25",4.1106,3.87,1671,20000000,87238158,85,NA,NA,NA,NA,"No"
4858,"The Invasion","2007-08-17",4.1004,6.037,1682,80000000,40170558,99,NA,NA,NA,NA,"No"
12225,"Cashback","2007-01-17",4.0111,6.954,1382,0,2300000,103,NA,NA,NA,NA,"No"
5123,"August Rush","2007-11-21",4.0097,7.411,2823,25000000,66122026,114,NA,NA,NA,NA,"No"
38410,"The Poughkeepsie Tapes","2007-04-27",4.0015,6.6,751,0,0,81,NA,NA,NA,NA,"No"
2252,"Eastern Promises","2007-09-14",3.9969,7.346,3691,51500000,56106607,100,NA,NA,NA,NA,"No"
51482,"Death Note Relight 1: Visions of a God","2007-08-31",3.9908,7.91,388,0,0,131,NA,NA,NA,NA,"No"
4771,"Gone Baby Gone","2007-09-18",3.9906,7.307,4162,19000000,34600000,113,NA,NA,NA,NA,"No"
9038,"The Heartbreak Kid","2007-10-05",3.9767,5.755,1742,60000000,128453183,116,NA,NA,NA,NA,"No"
13980,"Sword of the Stranger","2007-09-29",3.9635,7.557,457,0,0,103,NA,NA,NA,NA,"No"
1992,"Planet Terror","2007-04-06",3.9627,6.687,3807,23000000,11446172,105,NA,NA,NA,NA,"No"
14624,"The Ultimate Gift","2007-03-09",3.9049,7.612,499,9000000,3438735,114,NA,NA,NA,NA,"No"
3563,"I Now Pronounce You Chuck & Larry","2007-07-12",3.8731,6.085,2521,85000000,187134117,115,NA,NA,NA,NA,"No"
16119,"Cinderella III: A Twist in Time","2007-02-06",3.846,6.547,1325,0,0,74,NA,NA,NA,NA,"No"
1691,"Hostel: Part II","2007-06-07",3.8428,5.857,2203,10200000,35728183,93,NA,NA,NA,NA,"No"
1646,"Freedom Writers","2007-01-05",3.8294,7.92,2406,21000000,43095175,123,NA,NA,NA,NA,"No"
29362,"Full of It","2007-03-01",3.822,5.297,138,0,859513,91,NA,NA,NA,NA,"No"
1273,"TMNT","2007-03-23",3.8193,6.2,1200,34000000,95608995,87,NA,NA,NA,NA,"No"
2082,"Halloween","2007-08-31",3.8087,6.228,2533,15000000,80460948,110,NA,NA,NA,NA,"No"
3594,"The Number 23","2007-02-23",3.8044,6.412,3490,30000000,77677553,97,NA,NA,NA,NA,"No"
13680,"The Game Plan","2007-09-28",3.7841,6.502,2178,22000000,147880543,110,NA,NA,NA,NA,"No"
23827,"Paranormal Activity","2007-09-14",3.768,6.048,5407,15000,193355800,86,NA,NA,NA,NA,"No"
155,"The Dark Knight","2008-07-16",36.37,8.529,35635,185000000,1004558444,152,NA,NA,NA,NA,"No"
1726,"Iron Man","2008-04-30",19.256,7.657,28031,140000000,585174222,126,NA,NA,NA,NA,"No"
80175,"Entre sábanas","2008-04-04",19.1966,4.7,13,0,0,0,NA,NA,NA,NA,"No"
10681,"WALL·E","2008-06-22",17.7754,8.11,20179,180000000,521311860,98,NA,NA,NA,NA,"No"
8966,"Twilight","2008-11-20",16.875,6.279,14352,37000000,393616788,122,NA,NA,NA,NA,"No"
9502,"Kung Fu Panda","2008-06-04",15.8606,7.3,12570,130000000,632091832,90,NA,NA,NA,NA,"No"
92060,"Michael Jackson's Thriller","2008-02-08",11.3128,8.3,747,500000,0,14,NA,NA,NA,NA,"No"
17903,"A Frozen Flower","2008-12-30",10.4725,6.854,157,10000000,18980744,133,NA,NA,NA,NA,"No"
13078,"The Babysitters","2008-05-09",10.2005,5.998,538,0,44852,88,NA,NA,NA,NA,"No"
1724,"The Incredible Hulk","2008-06-12",9.985,6.235,12633,150000000,264770996,114,NA,NA,NA,NA,"No"
19173,"Diary of a Nymphomaniac","2008-10-17",9.9164,5.637,361,0,0,102,NA,NA,NA,NA,"No"
1735,"The Mummy: Tomb of the Dragon Emperor","2008-07-01",9.6294,5.515,4788,145000000,403449830,112,NA,NA,NA,NA,"No"
8681,"Taken","2008-02-18",9.1372,7.403,12042,25000000,226830568,94,NA,NA,NA,NA,"No"
14574,"The Boy in the Striped Pyjamas","2008-05-07",9.0341,7.816,7630,12500000,20416563,94,NA,NA,NA,NA,"No"
12429,"Ponyo","2008-07-19",8.5978,7.755,4784,34000000,202404009,100,NA,NA,NA,NA,"No"
10527,"Madagascar: Escape 2 Africa","2008-10-30",8.316,6.525,7399,150000000,603900354,89,NA,NA,NA,NA,"No"
13053,"Bolt","2008-11-21",7.5027,6.538,6466,150000000,309979994,98,NA,NA,NA,NA,"No"
7555,"Rambo","2008-01-24",7.2378,6.695,4248,50000000,113200000,92,NA,NA,NA,NA,"No"
8909,"Wanted","2008-06-19",7.2105,6.53,7560,75000000,342463063,110,NA,NA,NA,NA,"No"
4922,"The Curious Case of Benjamin Button","2008-12-25",7.0664,7.598,13668,150000000,335802786,166,NA,NA,NA,NA,"No"
42384,"A Tale of Legendary Libido","2008-04-30",6.9482,5.8,47,0,0,120,NA,NA,NA,NA,"No"
12222,"Horton Hears a Who!","2008-03-03",6.9086,6.517,3522,85000000,298572799,86,NA,NA,NA,NA,"No"
7446,"Tropic Thunder","2008-08-09",6.8177,6.712,6917,92000000,195702811,107,NA,NA,NA,NA,"No"
10483,"Death Race","2008-08-22",6.6305,6.295,4107,45000000,7.6e+07,105,NA,NA,NA,NA,"No"
11631,"Mamma Mia!","2008-07-03",6.6162,6.972,6968,52000000,609841637,108,NA,NA,NA,NA,"No"
8065,"21","2008-03-27",6.4899,6.69,5019,35000000,159808370,123,NA,NA,NA,NA,"No"
1729,"The Forbidden Kingdom","2008-04-17",6.4612,6.628,1896,55000000,127906624,104,NA,NA,NA,NA,"No"
4564,"Sex and the City","2008-05-12",6.4032,6.551,2258,65000000,418800000,146,NA,NA,NA,NA,"No"
13971,"Wild Child","2008-08-15",6.3414,6.701,1915,20000000,2.2e+07,98,NA,NA,NA,NA,"No"
217,"Indiana Jones and the Kingdom of the Crystal Skull","2008-05-21",6.3274,6.023,8984,185000000,786636033,122,NA,NA,NA,NA,"No"
13223,"Gran Torino","2008-12-12",6.3145,7.989,11507,33000000,2.7e+08,116,NA,NA,NA,NA,"No"
10661,"You Don't Mess with the Zohan","2008-06-05",6.1921,5.714,4052,90000000,204313400,113,NA,NA,NA,NA,"No"
13009,"Zombie Strippers!","2008-04-18",6.1768,4.846,423,0,0,94,NA,NA,NA,NA,"No"
6557,"27 Dresses","2008-01-10",6.1687,6.454,3400,30000000,160300000,111,NA,NA,NA,NA,"No"
88751,"Journey to the Center of the Earth","2008-07-10",6.0586,6.087,5131,45000000,101702060,93,NA,NA,NA,NA,"No"
8247,"Jumper","2008-02-13",6.0386,6.16,6203,85000000,222231186,88,NA,NA,NA,NA,"No"
8960,"Hancock","2008-07-01",5.9809,6.353,10210,150000000,629400000,92,NA,NA,NA,NA,"No"
12405,"Slumdog Millionaire","2008-11-12",5.9578,7.731,11280,15000000,378400000,121,"2008(81st)","Slumdog Millionaire","Christian Colson",2008,"Yes"
10764,"Quantum of Solace","2008-10-29",5.8957,6.335,8501,200000000,589593688,106,NA,NA,NA,NA,"No"
2454,"The Chronicles of Narnia: Prince Caspian","2008-05-15",5.8924,6.629,6740,225000000,419665568,150,NA,NA,NA,NA,"No"
10358,"Zack and Miri Make a Porno","2008-09-18",5.8427,6.343,2650,24000000,42105111,102,NA,NA,NA,NA,"No"
7191,"Cloverfield","2008-01-15",5.8047,6.709,7743,25000000,170764026,85,NA,NA,NA,NA,"No"
8055,"The Reader","2008-12-10",5.7257,7.463,3366,32000000,108902486,124,NA,NA,NA,NA,"No"
9539,"Martyrs","2008-06-12",5.6687,7.306,3009,6500000,1100000,99,NA,NA,NA,NA,"No"
10201,"Yes Man","2008-12-09",5.5899,6.7,7347,70000000,223200000,104,NA,NA,NA,NA,"No"
9870,"Forgetting Sarah Marshall","2008-04-17",5.5159,6.507,3671,30000000,105173115,111,NA,NA,NA,NA,"No"
7459,"Speed Racer","2008-05-07",5.4847,6.3,1749,120000000,93900000,135,NA,NA,NA,NA,"No"
8456,"Never Back Down","2008-03-04",5.3639,6.767,2476,20000000,41627431,113,NA,NA,NA,NA,"No"
13510,"Eden Lake","2008-09-12",5.3022,6.839,2069,12850990,3984669,91,NA,NA,NA,NA,"No"
8645,"The Happening","2008-06-11",5.294,5.396,3923,60000000,163403799,90,NA,NA,NA,NA,"No"
296349,"Female Prisoner Ayaka: Bitch-Training Torment","2008-09-19",5.2317,4.7,3,0,0,61,NA,NA,NA,NA,"No"
4148,"Revolutionary Road","2008-12-19",5.06,6.983,4098,35000000,7.6e+07,119,NA,NA,NA,NA,"No"
12133,"Step Brothers","2008-07-25",5.0262,6.557,3384,65000000,128100000,98,NA,NA,NA,NA,"No"
11918,"Superhero Movie","2008-03-28",5.0114,5.284,1999,35000000,71571300,82,NA,NA,NA,NA,"No"
8848,"The Bank Job","2008-02-28",4.9854,6.842,2594,20000000,64828421,112,NA,NA,NA,NA,"No"
17581,"Naruto Shippuden the Movie: Bonds","2008-08-02",4.9523,7.3,517,0,10642859,90,NA,NA,NA,NA,"No"
142461,"Revolution! The Making of 'Bonnie and Clyde'","2008-03-25",4.8644,4.6,5,0,0,65,NA,NA,NA,NA,"No"
12162,"The Hurt Locker","2008-10-10",4.8125,7.255,6139,15000000,49259766,131,"2009(82nd)","The Hurt Locker","Kathryn Bigelow, Mark Boal, Nicolas Chartier, and Greg Shapiro",2009,"Yes"
13387,"Transporter 3","2008-11-26",4.7545,6.163,3644,30000000,1.09e+08,104,NA,NA,NA,NA,"No"
11665,"Get Smart","2008-06-19",4.6891,6.209,3854,80000000,230685453,110,NA,NA,NA,NA,"No"
12289,"Red Cliff","2008-07-10",4.664,7.118,882,80341000,250100000,145,NA,NA,NA,NA,"No"
8321,"In Bruges","2008-02-08",4.5233,7.502,5735,15000000,34533783,108,NA,NA,NA,NA,"No"
15373,"Role Models","2008-11-07",4.5171,6.487,2135,28000000,92380927,99,NA,NA,NA,NA,"No"
13179,"Tinker Bell","2008-09-11",4.4907,6.918,1558,48000000,9208064,78,NA,NA,NA,NA,"No"
13027,"Eagle Eye","2008-09-25",4.47,6.49,3097,80000000,178800000,118,NA,NA,NA,NA,"No"
12180,"Star Wars: The Clone Wars","2008-08-05",4.4359,6.148,2198,8500000,68282844,98,NA,NA,NA,NA,"No"
8204,"The Spiderwick Chronicles","2008-02-14",4.3762,6.689,2828,90000000,164200000,95,NA,NA,NA,NA,"No"
12184,"The Other Boleyn Girl","2008-02-28",4.3412,6.695,2201,35000000,78269970,115,NA,NA,NA,NA,"No"
16000,"Ben 10: Race Against Time","2008-02-11",4.3331,5.81,356,18000000,0,67,NA,NA,NA,NA,"No"
2253,"Valkyrie","2008-12-25",4.3262,6.954,4059,75000000,200276000,121,NA,NA,NA,NA,"No"
14405,"Beverly Hills Chihuahua","2008-10-03",4.3037,5.376,1103,20000000,149281606,91,NA,NA,NA,NA,"No"
10665,"The Strangers","2008-05-29",4.2794,6.127,2654,9000000,83051676,86,NA,NA,NA,NA,"No"
10202,"Bedtime Stories","2008-12-24",4.2776,6.157,2962,80000000,212874864,99,NA,NA,NA,NA,"No"
12620,"The House Bunny","2008-08-22",4.27,5.689,2020,25000000,70442940,97,NA,NA,NA,NA,"No"
12113,"Body of Lies","2008-10-09",4.2539,6.631,3303,70000000,113280098,128,NA,NA,NA,NA,"No"
13855,"The Chaser","2008-02-14",4.2117,7.766,1510,2600000,0,125,NA,NA,NA,NA,"No"
11253,"Hellboy II: The Golden Army","2008-07-11",4.204,6.767,5579,85000000,160388063,120,NA,NA,NA,NA,"No"
10529,"Outlander","2008-04-24",4.185,6.45,1397,50000000,7033683,115,NA,NA,NA,NA,"No"
13515,"Mirrors","2008-08-14",4.1568,6.279,2013,35000000,72400000,111,NA,NA,NA,NA,"No"
10200,"The Day the Earth Stood Still","2008-12-10",4.1542,5.658,3723,80000000,233093859,104,NA,NA,NA,NA,"No"
14438,"Fireproof","2008-09-26",4.1487,7.672,848,500000,33473297,118,NA,NA,NA,NA,"No"
10189,"Pineapple Express","2008-08-06",4.1418,6.641,4166,27000000,101624843,112,NA,NA,NA,NA,"No"
7840,"10,000 BC","2008-03-04",4.1229,5.5,3159,105000000,269784201,109,NA,NA,NA,NA,"No"
12572,"New York, I Love You","2008-09-06",4.0575,5.942,594,14700000,9961023,103,NA,NA,NA,NA,"No"
13523,"Sex Drive","2008-10-16",3.9975,6.387,1466,19000000,18755936,109,NA,NA,NA,NA,"No"
5038,"Vicky Cristina Barcelona","2008-08-15",3.9666,6.801,4000,15000000,96409830,96,NA,NA,NA,NA,"No"
12163,"The Wrestler","2008-09-07",3.9457,7.535,3993,6000000,44734660,109,NA,NA,NA,NA,"No"
7278,"Meet the Spartans","2008-01-24",3.9407,4.086,1841,30000000,85897593,84,NA,NA,NA,NA,"No"
9381,"Babylon A.D.","2008-08-20",3.9379,5.66,2248,70000000,72109200,101,NA,NA,NA,NA,"No"
3580,"Changeling","2008-10-24",3.9377,7.579,4466,55000000,113400000,141,NA,NA,NA,NA,"No"
13688,"CJ7","2008-01-30",3.8967,7.303,783,20000000,47301471,88,NA,NA,NA,NA,"No"
14306,"Marley & Me","2008-12-25",3.8911,7.183,4779,60000000,255700000,115,NA,NA,NA,NA,"No"
136686,"Doraemon: Nobita and the Green Giant Legend","2008-03-08",3.8859,6.8,46,0,31684949,112,NA,NA,NA,NA,"No"
13600,"City of Ember","2008-10-07",3.8431,6.349,1879,55000000,17869048,95,NA,NA,NA,NA,"No"
8676,"Fool's Gold","2008-02-07",3.8221,5.785,1576,70000000,111231041,112,NA,NA,NA,NA,"No"
7461,"Vantage Point","2008-02-01",3.8127,6.406,2165,40000000,152039882,90,NA,NA,NA,NA,"No"
9029,"What Happens in Vegas","2008-05-07",3.8079,6.112,3284,35000000,219400000,99,NA,NA,NA,NA,"No"
13690,"Open Season 2","2008-09-24",3.8068,5.872,1296,0,8797168,76,NA,NA,NA,NA,"No"
4944,"Burn After Reading","2008-09-05",3.804,6.673,5198,37000000,163700000,96,NA,NA,NA,NA,"No"
39207,"Detective Conan: Full Score of Fear","2008-04-19",3.7177,6.923,155,0,23760176,115,NA,NA,NA,NA,"No"
14836,"Coraline","2009-02-05",25.1772,7.901,8900,60000000,185860104,100,NA,NA,NA,NA,"No"
19995,"Avatar","2009-12-16",23.0849,7.602,33871,237000000,2923706026,162,NA,NA,NA,NA,"No"
13448,"Angels & Demons","2009-04-20",18.6543,6.719,7295,150000000,485930816,139,NA,NA,NA,NA,"No"
18785,"The Hangover","2009-06-02",16.6232,7.33,18032,35000000,469310836,100,NA,NA,NA,NA,"No"
767,"Harry Potter and the Half-Blood Prince","2009-07-15",16.518,7.68,20700,250000000,933959197,153,NA,NA,NA,NA,"No"
14160,"Up","2009-05-28",16.3535,7.958,21589,175000000,735103954,96,NA,NA,NA,NA,"No"
16869,"Inglourious Basterds","2009-08-02",15.8686,8.217,24083,70000000,321457747,153,NA,NA,NA,NA,"No"
18240,"The Proposal","2009-06-02",15.633,7.144,7424,40000000,317400000,108,NA,NA,NA,NA,"No"
14161,"2012","2009-10-10",12.5147,5.874,12687,200000000,791217826,158,NA,NA,NA,NA,"No"
8355,"Ice Age: Dawn of the Dinosaurs","2009-06-26",11.798,6.763,8828,90000000,886686817,94,NA,NA,NA,NA,"No"
161246,"Raging Sun, Raging Sky","2009-10-15",11.1074,4.5,20,1000000,0,191,NA,NA,NA,NA,"No"
10198,"The Princess and the Frog","2009-12-08",10.7184,7.2,6081,105000000,270997378,98,NA,NA,NA,NA,"No"
23823,"Wrong Turn 3: Left for Dead","2009-10-08",9.495,5.691,1265,3000000,0,91,NA,NA,NA,NA,"No"
19994,"Jennifer's Body","2009-09-18",9.4305,5.99,4200,16000000,31556061,107,NA,NA,NA,NA,"No"
22881,"The Blind Side","2009-11-20",8.9836,7.665,6811,29000000,309231694,129,NA,NA,NA,NA,"No"
22832,"Ninja Assassin","2009-09-29",8.5024,6.672,1754,40000000,61601280,99,NA,NA,NA,NA,"No"
15512,"Monsters vs Aliens","2009-03-19",8.4728,6.243,4933,175000000,381509870,94,NA,NA,NA,NA,"No"
18239,"The Twilight Saga: New Moon","2009-11-18",8.4403,5.989,9716,50000000,709827462,131,NA,NA,NA,NA,"No"
12244,"9","2009-08-19",8.3619,6.948,3854,30000000,48428063,79,NA,NA,NA,NA,"No"
13183,"Watchmen","2009-03-04",7.7826,7.352,9944,130000000,185258983,163,NA,NA,NA,NA,"No"
19913,"(500) Days of Summer","2009-07-17",7.7097,7.301,10987,7500000,60781545,95,NA,NA,NA,NA,"No"
10528,"Sherlock Holmes","2009-12-23",7.5877,7.218,14727,90000000,524028679,129,NA,NA,NA,NA,"No"
10315,"Fantastic Mr. Fox","2009-10-14",7.4677,7.825,6059,40000000,46471023,87,NA,NA,NA,NA,"No"
13475,"Star Trek","2009-05-06",7.2846,7.43,10450,150000000,386839614,127,NA,NA,NA,NA,"No"
22794,"Cloudy with a Chance of Meatballs","2009-09-17",7.2622,6.656,6426,100000000,242988466,90,NA,NA,NA,NA,"No"
115724,"Do You Know Me","2009-05-17",7.2393,4.6,17,0,0,82,NA,NA,NA,NA,"No"
17654,"District 9","2009-08-05",7.1228,7.465,10280,30000000,210888950,112,NA,NA,NA,NA,"No"
37169,"The Human Centipede (First Sequence)","2009-10-31",6.99,5.184,2373,2000000,252207,91,NA,NA,NA,NA,"No"
22803,"Law Abiding Citizen","2009-10-15",6.8862,7.388,5637,53000000,127900000,109,NA,NA,NA,NA,"No"
20453,"3 Idiots","2009-12-23",6.7865,7.996,2686,9000000,7e+07,171,NA,NA,NA,NA,"No"
21208,"Orphan","2009-07-24",6.6401,7,5622,20000000,77912251,123,NA,NA,NA,NA,"No"
534,"Terminator Salvation","2009-05-20",6.6068,6.084,7005,200000000,371353001,115,NA,NA,NA,NA,"No"
19908,"Zombieland","2009-10-02",6.6066,7.26,13111,23600000,102391540,87,NA,NA,NA,NA,"No"
16996,"17 Again","2009-03-11",6.5981,6.314,5407,20000000,136300000,102,NA,NA,NA,NA,"No"
19912,"The Final Destination","2009-08-26",6.515,5.613,3877,40000000,187384627,82,NA,NA,NA,NA,"No"
18405,"The Last House on the Left","2009-03-13",6.4675,6.495,1941,15000000,32721635,113,NA,NA,NA,NA,"No"
28178,"Hachi: A Dog's Tale","2009-06-08",6.4577,8.006,7152,16000000,46800000,93,NA,NA,NA,NA,"No"
13811,"Knowing","2009-03-19",6.2835,6.242,5760,50000000,155446362,121,NA,NA,NA,NA,"No"
13576,"This Is It","2009-10-28",6.2122,7.19,982,60000000,261200000,111,NA,NA,NA,NA,"No"
26466,"Triangle","2009-10-16",6.1873,6.922,2943,12000000,1594955,98,NA,NA,NA,NA,"No"
13207,"Friday the 13th","2009-02-11",5.941,5.774,2843,19000000,91509154,97,NA,NA,NA,NA,"No"
7445,"Brothers","2009-12-02",5.931,7.314,3913,26000000,43500000,105,NA,NA,NA,NA,"No"
10184,"He's Just Not That Into You","2009-02-06",5.847,6.627,4024,40000000,178866158,129,NA,NA,NA,NA,"No"
18360,"Night at the Museum: Battle of the Smithsonian","2009-05-20",5.7985,6.153,7270,150000000,413106170,105,NA,NA,NA,NA,"No"
7980,"The Lovely Bones","2009-12-26",5.7722,7.059,4917,65000000,93600000,136,NA,NA,NA,NA,"No"
21191,"Sin Nombre","2009-03-20",5.5407,7.602,761,0,5102705,96,NA,NA,NA,NA,"No"
23398,"Alvin and the Chipmunks: The Squeakquel","2009-12-21",5.4888,5.657,3114,75000000,443140005,89,NA,NA,NA,NA,"No"
25642,"Ben 10: Alien Swarm","2009-11-15",5.3562,6.177,378,40000000,0,69,NA,NA,NA,NA,"No"
31011,"Mr. Nobody","2009-11-06",5.277,7.796,6193,47000000,2331721,141,NA,NA,NA,NA,"No"
11322,"Public Enemies","2009-07-01",5.1617,6.686,4809,100000000,214104620,140,NA,NA,NA,NA,"No"
15092,"Crank: High Voltage","2009-04-16",5.1035,6.077,3134,20000000,34600000,96,NA,NA,NA,NA,"No"
17431,"Moon","2009-06-12",5.0406,7.567,6241,5000000,9760104,97,NA,NA,NA,NA,"No"
12437,"Underworld: Rise of the Lycans","2009-01-22",5.005,6.539,3929,35000000,92158961,92,NA,NA,NA,NA,"No"
14869,"G.I. Joe: The Rise of Cobra","2009-08-03",5.0013,5.782,4893,175000000,302500000,118,NA,NA,NA,NA,"No"
20766,"The Road","2009-11-25",4.8549,7.018,4255,32000000,27635305,111,NA,NA,NA,NA,"No"
15384,"Red Cliff II","2009-01-07",4.8403,7.28,489,80000000,121059225,141,NA,NA,NA,NA,"No"
20048,"Confessions of a Shopaholic","2009-02-05",4.7754,6.484,2748,40000000,108394089,104,NA,NA,NA,NA,"No"
36728,"Naruto Shippuden the Movie: The Will of Fire","2009-08-01",4.7621,7.4,506,0,8100000,95,NA,NA,NA,NA,"No"
30018,"Mother","2009-05-28",4.5845,7.701,1672,5000000,17112713,129,NA,NA,NA,NA,"No"
22164,"Blood and Bone","2009-02-07",4.4989,7.327,882,3700000,3492,93,NA,NA,NA,NA,"No"
17609,"Antichrist","2009-05-20",4.4375,6.627,2826,11000000,7413863,104,NA,NA,NA,NA,"No"
13455,"Push","2009-02-04",4.4335,6.146,2422,38000000,49678401,111,NA,NA,NA,NA,"No"
22843,"Evangelion: 2.0 You Can (Not) Advance","2009-06-26",4.4227,7.8,995,10000000,44339362,112,NA,NA,NA,NA,"No"
17927,"Fired Up!","2009-02-20",4.3787,6.116,688,20000000,18599102,91,NA,NA,NA,NA,"No"
16871,"Drag Me to Hell","2009-05-27",4.364,6.475,4062,30000000,91388487,99,NA,NA,NA,NA,"No"
26505,"Arthur and the Revenge of Maltazard","2009-11-26",4.3606,5.75,1775,87000000,52377611,93,NA,NA,NA,NA,"No"
28764,"Detective Conan: The Raven Chaser","2009-04-18",4.3465,7.3,151,0,39664359,111,NA,NA,NA,NA,"No"
15472,"The Girl with the Dragon Tattoo","2009-02-27",4.2924,7.534,3209,13000000,109421911,152,NA,NA,NA,NA,"No"
36419,"After.Life","2009-11-07",4.2838,6.33,1224,4500000,3606395,104,NA,NA,NA,NA,"No"
28874,"Summer Wars","2009-08-01",4.2587,7.447,1018,0,18434328,114,NA,NA,NA,NA,"No"
17899,"Sex, Party and Lies","2009-03-27",4.2534,4.591,159,0,5723917,107,NA,NA,NA,NA,"No"
26123,"American Pie Presents: The Book of Love","2009-12-02",4.1885,5.249,1829,8000000,5021219,93,NA,NA,NA,NA,"No"
23566,"Barbie and the Three Musketeers","2009-09-15",4.1362,7.283,723,0,0,81,NA,NA,NA,NA,"No"
18487,"The Taking of Pelham 1 2 3","2009-06-10",4.1339,6.356,3381,100000000,150166126,106,NA,NA,NA,NA,"No"
10521,"Bride Wars","2009-01-09",4.0629,6.2,3178,30000000,115375850,89,NA,NA,NA,NA,"No"
41498,"One Piece Film: Strong World","2009-12-12",4.0306,7.428,391,0,5.3e+07,114,NA,NA,NA,NA,"No"
320956,"The Cuckold","2009-08-11",3.948,3.5,8,275000,0,94,NA,NA,NA,NA,"No"
39057,"Pokémon: Arceus and the Jewel of Life","2009-07-18",3.9289,7.093,308,0,52119081,95,NA,NA,NA,NA,"No"
20943,"The Ugly Truth","2009-07-24",3.8992,6.505,3751,38000000,321700000,96,NA,NA,NA,NA,"No"
34480,"The Descent: Part 2","2009-10-14",3.8532,5.957,1293,6000200,7048886,94,NA,NA,NA,NA,"No"
257354,"Busty Cops: Protect and Serve!","2009-08-01",3.8276,4.5,17,0,0,73,NA,NA,NA,NA,"No"
17979,"A Christmas Carol","2009-11-04",3.7835,6.906,4886,200000000,325286646,96,NA,NA,NA,NA,"No"
19959,"Surrogates","2009-09-24",3.7759,6.143,3420,80000000,122444772,89,NA,NA,NA,NA,"No"
18501,"Gamer","2009-09-03",3.756,5.691,2616,50000000,40800000,95,NA,NA,NA,NA,"No"
25475,"Tinker Bell and the Lost Treasure","2009-09-03",3.7546,6.818,1103,0,0,81,NA,NA,NA,NA,"No"
19585,"G-Force","2009-07-24",3.7253,5.486,1996,150000000,292817841,88,NA,NA,NA,NA,"No"
19898,"Pandorum","2009-09-08",3.6984,6.594,2635,33000000,20648328,108,NA,NA,NA,NA,"No"
16577,"Astro Boy","2009-10-15",3.6854,6.339,1631,10000000,19551067,94,NA,NA,NA,NA,"No"
19899,"Couples Retreat","2009-09-19",3.6817,5.552,2080,70000000,171844840,113,NA,NA,NA,NA,"No"
22804,"Saw VI","2009-10-22",3.6759,6.291,3486,11000000,69752402,90,NA,NA,NA,NA,"No"
13836,"Race to Witch Mountain","2009-03-13",3.6622,5.796,1815,50000000,106387141,98,NA,NA,NA,NA,"No"
22947,"Up in the Air","2009-12-04",3.6263,6.893,3969,25000000,166842739,110,NA,NA,NA,NA,"No"
22683,"Gifted Hands: The Ben Carson Story","2009-02-07",3.6237,7.785,775,0,0,86,NA,NA,NA,NA,"No"
38810,"Dogtooth","2009-10-22",3.6186,7.046,2595,275000,110248,98,NA,NA,NA,NA,"No"
25793,"Precious: Based on the Novel 'Push' by Sapphire","2009-11-06",3.599,7.324,1767,10000000,47536959,110,NA,NA,NA,NA,"No"
16866,"Planet 51","2009-11-19",3.5955,5.893,2154,70000000,104945765,91,NA,NA,NA,NA,"No"
24420,"The Time Traveler's Wife","2009-08-14",3.5918,6.936,2692,39000000,101344412,107,NA,NA,NA,NA,"No"
18162,"Land of the Lost","2009-06-05",3.581,5.439,1427,100000000,68688831,102,NA,NA,NA,NA,"No"
25769,"Carriers","2009-09-04",3.5753,6.052,1489,0,5805279,84,NA,NA,NA,NA,"No"
176241,"Prison Break: The Final Break","2009-09-10",3.5388,7.508,719,0,0,89,NA,NA,NA,NA,"No"
27205,"Inception","2010-07-15",32.0986,8.372,39132,160000000,839030630,148,NA,NA,NA,NA,"No"
10138,"Iron Man 2","2010-04-28",22.8385,6.851,22304,200000000,623933331,124,NA,NA,NA,NA,"No"
12444,"Harry Potter and the Deathly Hallows: Part 1","2010-11-17",17.6213,7.734,20294,250000000,954305868,146,NA,NA,NA,NA,"No"
50727,"The Servant","2010-06-02",16.821,5.671,41,0,0,124,NA,NA,NA,NA,"No"
38757,"Tangled","2010-11-24",16.6878,7.61,12334,260000000,592461732,100,NA,NA,NA,NA,"No"
11324,"Shutter Island","2010-02-14",16.4007,8.198,25741,80000000,294804195,138,NA,NA,NA,NA,"No"
20352,"Despicable Me","2010-07-08",15.1086,7.257,16006,69000000,543284256,95,NA,NA,NA,NA,"No"
10193,"Toy Story 3","2010-06-16",14.3226,7.804,15658,200000000,1067316101,102,NA,NA,NA,NA,"No"
38365,"Grown Ups","2010-06-24",13.7676,6.4,6634,80000000,271457606,102,NA,NA,NA,NA,"No"
73861,"A Serbian Film","2010-01-06",12.4954,5.439,2204,0,0,104,NA,NA,NA,NA,"No"
10191,"How to Train Your Dragon","2010-03-18",12.1,7.858,14303,165000000,495141736,98,NA,NA,NA,NA,"No"
48650,"Room in Rome","2010-05-07",12.0143,6.405,825,0,844281,109,NA,NA,NA,NA,"No"
12155,"Alice in Wonderland","2010-03-03",10.4469,6.639,14746,200000000,1025467110,108,NA,NA,NA,NA,"No"
38575,"The Karate Kid","2010-06-10",10.1719,6.565,6529,40000000,359126022,140,NA,NA,NA,NA,"No"
43347,"Love & Other Drugs","2010-11-22",9.9217,7.037,5569,30000000,102800000,112,NA,NA,NA,NA,"No"
10192,"Shrek Forever After","2010-05-20",9.7651,6.4,7911,165000000,752600867,93,NA,NA,NA,NA,"No"
24021,"The Twilight Saga: Eclipse","2010-06-23",9.4215,6.194,9224,68000000,698491347,124,NA,NA,NA,NA,"No"
44214,"Black Swan","2010-12-03",9.2279,7.685,15501,13000000,329398046,108,NA,NA,NA,NA,"No"
38055,"Megamind","2010-10-28",9.0919,7.022,7434,130000000,321885765,96,NA,NA,NA,NA,"No"
43947,"I Spit on Your Grave","2010-06-17",9.0685,6.505,2546,2000000,572809,108,NA,NA,NA,NA,"No"
37799,"The Social Network","2010-10-01",9.0545,7.373,13104,40000000,224920315,121,NA,NA,NA,NA,"No"
27578,"The Expendables","2010-08-07",8.9502,6.251,8256,80000000,274470394,103,NA,NA,NA,NA,"No"
61979,"Three Steps Above Heaven","2010-12-03",8.8882,7.7,3212,0,0,122,NA,NA,NA,NA,"No"
32657,"Percy Jackson & the Olympians: The Lightning Thief","2010-02-01",8.8694,6.211,7796,95000000,226497209,118,NA,NA,NA,NA,"No"
43949,"Flipped","2010-08-06",7.6745,8.006,3306,14000000,4324817,89,NA,NA,NA,NA,"No"
39514,"RED","2010-10-13",7.4435,6.706,7120,58000000,199006387,111,NA,NA,NA,NA,"No"
20526,"TRON: Legacy","2010-12-14",7.3187,6.541,7886,170000000,409912892,126,NA,NA,NA,NA,"No"
49797,"I Saw the Devil","2010-08-12",7.2436,7.797,2987,6000000,12966357,144,NA,NA,NA,NA,"No"
34544,"The A-Team","2010-06-09",7.2102,6.412,4982,110000000,177238796,117,NA,NA,NA,NA,"No"
34851,"Predators","2010-07-07",7.1496,6.298,4595,40000000,127233108,107,NA,NA,NA,NA,"No"
22894,"Legion","2010-01-21",7.081,5.895,2845,26000000,67918658,100,NA,NA,NA,NA,"No"
46738,"Incendies","2010-09-17",6.9977,8.101,3251,6800000,6788659,131,NA,NA,NA,NA,"No"
23168,"The Town","2010-09-15",6.7694,7.219,5605,37000000,154026136,125,NA,NA,NA,NA,"No"
35019,"Nanny McPhee and the Big Bang","2010-03-26",6.6581,6.315,1940,35000000,93251121,109,NA,NA,NA,NA,"No"
10196,"The Last Airbender","2010-06-30",6.3231,4.647,4247,150000000,319713881,103,NA,NA,NA,NA,"No"
22538,"Scott Pilgrim vs. the World","2010-08-12",6.2447,7.485,8540,73000000,51825248,113,NA,NA,NA,NA,"No"
23483,"Kick-Ass","2010-03-26",6.2099,7.124,12340,28000000,96188903,118,NA,NA,NA,NA,"No"
26389,"From Paris with Love","2010-02-04",6.0489,6.382,2302,52000000,52800000,92,NA,NA,NA,NA,"No"
18823,"Clash of the Titans","2010-03-26",5.9412,5.916,6658,125000000,493214993,106,NA,NA,NA,NA,"No"
51739,"The Secret World of Arrietty","2010-07-16",5.9143,7.667,3140,23000000,149660003,94,NA,NA,NA,NA,"No"
27581,"The Other Guys","2010-08-06",5.8879,6.33,4558,100000000,170432927,107,NA,NA,NA,NA,"No"
38234,"Undisputed III: Redemption","2010-04-17",5.8168,7.541,1010,3000000,76500000,96,NA,NA,NA,NA,"No"
37786,"Sex and the City 2","2010-05-26",5.6983,6.051,1722,100000000,290700000,146,NA,NA,NA,NA,"No"
45269,"The King's Speech","2010-11-26",5.6071,7.733,9271,15000000,414211549,118,"2010(83rd)","The King's Speech","Iain Canning, Emile Sherman, and Gareth Unwin",2010,"Yes"
20504,"The Book of Eli","2010-01-14",5.5855,6.796,6647,80000000,157107755,118,NA,NA,NA,NA,"No"
20662,"Robin Hood","2010-05-12",5.4615,6.396,4996,200000000,321669741,140,NA,NA,NA,NA,"No"
10140,"The Chronicles of Narnia: The Voyage of the Dawn Treader","2010-12-02",5.44,6.441,5875,155000000,415686217,113,NA,NA,NA,NA,"No"
23169,"Remember Me","2010-03-11",5.392,7.098,3703,16000000,5.6e+07,113,NA,NA,NA,NA,"No"
43549,"The Experiment","2010-07-15",5.3132,6.369,1308,21800000,0,96,NA,NA,NA,NA,"No"
43593,"Piranha 3D","2010-08-20",5.299,5.421,2384,24000000,83188165,88,NA,NA,NA,NA,"No"
33217,"Diary of a Wimpy Kid","2010-03-19",5.2175,6.266,1755,15000000,75700000,92,NA,NA,NA,NA,"No"
51608,"The Man from Nowhere","2010-08-04",5.205,7.689,1477,1255000,43059790,119,NA,NA,NA,NA,"No"
27022,"The Sorcerer's Apprentice","2010-07-13",5.2025,6.138,5254,150000000,215300000,109,NA,NA,NA,NA,"No"
37707,"Splice","2010-06-03",5.1998,5.876,2429,26000000,0,104,NA,NA,NA,NA,"No"
27576,"Salt","2010-07-21",5.1309,6.413,5898,110000000,293329073,100,NA,NA,NA,NA,"No"
44115,"127 Hours","2010-11-12",5.13,7.088,8059,18000000,35700000,94,NA,NA,NA,NA,"No"
44264,"True Grit","2010-12-22",5.1152,7.305,5726,38000000,252300000,110,NA,NA,NA,NA,"No"
37735,"Easy A","2010-09-16",5.097,6.805,7347,8000000,75026327,93,NA,NA,NA,NA,"No"
65496,"Student Services","2010-01-18",5.0369,5.326,141,0,0,101,NA,NA,NA,NA,"No"
9543,"Prince of Persia: The Sands of Time","2010-05-19",4.8193,6.296,7135,200000000,336365676,116,NA,NA,NA,NA,"No"
44048,"Unstoppable","2010-11-04",4.7963,6.61,3867,100000000,167805466,98,NA,NA,NA,NA,"No"
23437,"A Nightmare on Elm Street","2010-04-30",4.6225,5.525,2902,35000000,115665418,95,NA,NA,NA,NA,"No"
44683,"Tinker Bell and the Great Fairy Rescue","2010-07-29",4.5767,6.8,1003,0,0,76,NA,NA,NA,NA,"No"
35552,"The Extraordinary Adventures of Adèle Blanc-Sec","2010-04-09",4.5716,6.26,1484,25000000,34604339,107,NA,NA,NA,NA,"No"
23172,"The Spy Next Door","2010-01-15",4.5638,5.882,1405,28000000,66166000,94,NA,NA,NA,NA,"No"
97375,"Detective Conan: The Lost Ship in the Sky","2010-04-17",4.4623,7.094,144,0,36407407,103,NA,NA,NA,NA,"No"
45556,"Arctic Blast","2010-08-04",4.4237,5.6,205,5000000,0,92,NA,NA,NA,NA,"No"
41733,"Due Date","2010-11-03",4.4176,6.392,5791,65000000,211800000,95,NA,NA,NA,NA,"No"
40205,"16 Wishes","2010-10-02",4.3458,6.315,1361,0,0,90,NA,NA,NA,NA,"No"
38167,"Eat Pray Love","2010-08-12",4.2788,6.24,2618,60000000,204594016,133,NA,NA,NA,NA,"No"
50723,"Naruto Shippuden the Movie: The Lost Tower","2010-07-31",4.2504,7.2,506,0,16537336,85,NA,NA,NA,NA,"No"
37821,"Killers","2010-06-04",4.2357,5.953,2303,75000000,98159963,100,NA,NA,NA,NA,"No"
45317,"The Fighter","2010-12-10",4.2108,7.379,4708,25000000,129190869,116,NA,NA,NA,NA,"No"
51533,"Let the Bullets Fly","2010-12-20",4.1928,7.78,350,0,104731450,132,NA,NA,NA,NA,"No"
51620,"Death Race 2","2010-11-12",4.1891,5.841,1191,7000000,0,100,NA,NA,NA,NA,"No"
40264,"Vampires Suck","2010-08-18",4.1827,4.389,1391,20000000,80547866,82,NA,NA,NA,NA,"No"
44092,"Reign of Assassins","2010-09-01",4.1293,6.918,281,12000000,0,117,NA,NA,NA,NA,"No"
37056,"Letters to Juliet","2010-05-13",4.0864,6.999,3000,30000000,82148538,105,NA,NA,NA,NA,"No"
49009,"The Way Back","2010-11-22",4.0391,6.997,1747,30000000,24172201,133,NA,NA,NA,NA,"No"
52629,"El Infierno","2010-09-03",4.033,7.856,762,0,6703873,148,NA,NA,NA,NA,"No"
42297,"Burlesque","2010-11-23",4.019,7.206,2365,55000000,89500000,119,NA,NA,NA,NA,"No"
23631,"Machete","2010-09-01",3.9703,6.344,3535,10500000,45491656,105,NA,NA,NA,NA,"No"
37834,"Knight and Day","2010-06-15",3.9362,6.231,4870,117000000,261989769,109,NA,NA,NA,NA,"No"
23023,"Tooth Fairy","2010-01-14",3.9082,5.476,2097,48000000,112462508,101,NA,NA,NA,NA,"No"
32856,"Valentine's Day","2010-02-10",3.8885,5.922,3158,52000000,216528528,125,NA,NA,NA,NA,"No"
41439,"Saw 3D","2010-10-22",3.8725,5.978,3281,17000000,136151680,90,NA,NA,NA,NA,"No"
45202,"The Housemaid","2010-05-13",3.8584,6.345,375,4000000,0,107,NA,NA,NA,NA,"No"
58857,"13 Assassins","2010-09-25",3.8036,7.317,1251,6000000,17555141,141,NA,NA,NA,NA,"No"
46705,"Blue Valentine","2010-12-26",3.7917,6.962,3497,1000000,15440333,112,NA,NA,NA,NA,"No"
41283,"Faster","2010-11-23",3.7879,6.351,2085,24000000,23081726,98,NA,NA,NA,NA,"No"
41233,"Step Up 3D","2010-08-04",3.7722,6.816,1987,30000000,159291809,107,NA,NA,NA,NA,"No"
107748,"Sin tetas no hay paraíso","2010-07-23",3.7544,7.321,109,0,0,108,NA,NA,NA,NA,"No"
26022,"My Name Is Khan","2010-02-10",3.7428,8.018,1428,12000000,42345360,165,NA,NA,NA,NA,"No"
43539,"The Next Three Days","2010-11-18",3.7412,7.087,3087,30000000,67448651,133,NA,NA,NA,NA,"No"
25195,"Leap Year","2010-01-08",3.7323,6.894,2149,19000000,32686500,100,NA,NA,NA,NA,"No"
7978,"The Wolfman","2010-02-10",3.7311,5.884,2169,150000000,140700000,103,NA,NA,NA,NA,"No"
38199,"Unthinkable","2010-05-26",3.7287,6.804,1435,15000000,0,97,NA,NA,NA,NA,"No"
19901,"Daybreakers","2010-01-06",3.7159,6.285,2161,20000000,51417188,98,NA,NA,NA,NA,"No"
37034,"True Legend","2010-02-09",3.7101,6.57,242,20000000,6820000,115,NA,NA,NA,NA,"No"
39486,"Secretariat","2010-08-20",3.7028,7.408,634,35000000,60300000,123,NA,NA,NA,NA,"No"
82023,"Hotel Desire","2011-12-07",66.5047,6.146,144,230758,0,38,NA,NA,NA,NA,"No"
78192,"Michael Jackson: The Life of an Icon","2011-11-02",42.8547,7.945,146,0,0,149,NA,NA,NA,NA,"No"
50619,"The Twilight Saga: Breaking Dawn - Part 1","2011-11-16",23.1901,6.188,9243,110000000,712171856,117,NA,NA,NA,NA,"No"
39254,"Real Steel","2011-09-28",21.1514,7.071,9049,110000000,299300000,127,NA,NA,NA,NA,"No"
77338,"The Intouchables","2011-11-02",16.8059,8.269,18358,13000000,426590315,113,NA,NA,NA,NA,"No"
49013,"Cars 2","2011-06-11",15.6743,6.176,8436,200000000,559852396,106,NA,NA,NA,NA,"No"
12445,"Harry Potter and the Deathly Hallows: Part 2","2011-07-12",14.9855,8.079,21904,125000000,1341511219,130,NA,NA,NA,NA,"No"
1865,"Pirates of the Caribbean: On Stranger Tides","2011-05-15",12.9987,6.566,14891,379000000,1046721266,136,NA,NA,NA,NA,"No"
38321,"Priest","2011-05-05",12.3199,5.864,2504,60000000,84154026,87,NA,NA,NA,NA,"No"
10195,"Thor","2011-04-21",12.2879,6.768,22273,150000000,449326618,115,NA,NA,NA,NA,"No"
46195,"Rio","2011-04-03",10.7092,6.762,7144,90000000,483866772,96,NA,NA,NA,NA,"No"
85877,"The 33D Invader","2011-10-06",10.0368,5.7,32,0,0,82,NA,NA,NA,NA,"No"
50014,"The Help","2011-08-09",9.9186,8.199,8984,25000000,216600000,146,NA,NA,NA,NA,"No"
49444,"Kung Fu Panda 2","2011-05-25",9.6544,7.059,7837,150000000,665692281,91,NA,NA,NA,NA,"No"
51876,"Limitless","2011-03-17",9.6393,7.198,11415,27000000,161900000,106,NA,NA,NA,NA,"No"
44896,"Rango","2011-03-02",9.3692,6.893,7051,135000000,245724603,107,NA,NA,NA,NA,"No"
64690,"Drive","2011-09-15",9.2181,7.583,13557,15000000,79713640,100,NA,NA,NA,NA,"No"
49530,"In Time","2011-10-27",9.0845,6.969,12104,40000000,173900000,109,NA,NA,NA,NA,"No"
50646,"Crazy, Stupid, Love.","2011-07-29",8.8762,7.272,9237,50000000,145079584,118,NA,NA,NA,NA,"No"
50546,"Just Go with It","2011-02-10",8.6234,6.704,6094,80000000,214945591,117,NA,NA,NA,NA,"No"
45243,"The Hangover Part II","2011-05-25",8.4167,6.503,11237,80000000,586764305,102,NA,NA,NA,NA,"No"
49018,"Insidious","2011-03-31",8.1676,6.941,7281,1500000,100106454,102,NA,NA,NA,NA,"No"
86331,"Desire","2011-10-06",8.08,6.281,1358,1344000,0,103,NA,NA,NA,NA,"No"
56292,"Mission: Impossible - Ghost Protocol","2011-12-07",7.9138,7.112,10726,145000000,694713380,133,NA,NA,NA,NA,"No"
37958,"Immortals","2011-11-10",7.5473,6.044,2794,75000000,226904017,110,NA,NA,NA,NA,"No"
61791,"Rise of the Planet of the Apes","2011-08-03",7.4793,7.341,12702,93000000,481800873,105,NA,NA,NA,NA,"No"
74997,"The Human Centipede 2 (Full Sequence)","2011-10-06",7.3766,4.756,1441,0,170323,91,NA,NA,NA,NA,"No"
414419,"Kill Bill: The Whole Bloody Affair","2011-03-27",7.2015,8.1,1228,60000000,10779668,253,NA,NA,NA,NA,"No"
60308,"Moneyball","2011-09-23",7.1116,7.289,5730,50000000,110206216,134,NA,NA,NA,NA,"No"
76025,"Shame","2011-10-02",7.1094,6.925,3394,6500000,3909002,102,NA,NA,NA,NA,"No"
71672,"Wrong Turn 4: Bloody Beginnings","2011-10-17",7.0042,5.724,1206,3000000,0,93,NA,NA,NA,NA,"No"
1771,"Captain America: The First Avenger","2011-07-22",6.9821,7.005,22660,140000000,370569774,124,NA,NA,NA,NA,"No"
39513,"Paul","2011-02-14",6.968,6.737,6235,40000000,9.8e+07,104,NA,NA,NA,NA,"No"
27582,"The Mechanic","2011-01-13",6.803,6.528,3573,40000000,51070807,93,NA,NA,NA,NA,"No"
63311,"The Skin I Live In","2011-08-17",6.7822,7.489,4597,13000000,33750478,120,NA,NA,NA,NA,"No"
55721,"Bridesmaids","2011-05-13",6.5447,6.507,4659,32500000,288383523,125,NA,NA,NA,NA,"No"
41446,"Scream 4","2011-04-13",6.5186,6.482,4151,40000000,97231420,111,NA,NA,NA,NA,"No"
73456,"Barbie: Princess Charm School","2011-08-11",6.4464,7.533,859,0,0,79,NA,NA,NA,NA,"No"
39538,"Contagion","2011-09-08",6.4365,6.648,6511,60000000,137551594,106,NA,NA,NA,NA,"No"
50544,"Friends with Benefits","2011-07-21",6.2279,6.643,8365,35000000,149500000,109,NA,NA,NA,NA,"No"
71676,"Ghost Rider: Spirit of Vengeance","2011-12-10",6.1568,5.008,4043,57000000,132563930,96,NA,NA,NA,NA,"No"
51828,"One Day","2011-03-02",6.0233,7.411,4506,15000000,59400000,107,NA,NA,NA,NA,"No"
59440,"Warrior","2011-09-09",5.9501,7.843,4989,25000000,23300000,140,NA,NA,NA,NA,"No"
17578,"The Adventures of Tintin","2011-10-24",5.8574,6.919,5786,130000000,373993951,107,NA,NA,NA,NA,"No"
41630,"No Strings Attached","2011-01-21",5.8282,6.295,4972,25000000,149200000,107,NA,NA,NA,NA,"No"
77617,"Detective Conan: Quarter of Silence","2011-04-16",5.7674,7.079,151,0,42808575,109,NA,NA,NA,NA,"No"
48138,"Unknown","2011-02-16",5.7654,6.687,4152,30000000,130786397,113,NA,NA,NA,NA,"No"
62835,"Colombiana","2011-07-27",5.7342,6.636,2849,40000000,71508440,108,NA,NA,NA,NA,"No"
50359,"Hop","2011-03-30",5.7096,5.796,1384,63000000,183953723,95,NA,NA,NA,NA,"No"
55779,"Final Destination 5","2011-08-12",5.6525,6.153,4056,40000000,157887643,91,NA,NA,NA,NA,"No"
65754,"The Girl with the Dragon Tattoo","2011-12-14",5.5984,7.384,7567,90000000,232617430,158,NA,NA,NA,NA,"No"
51540,"Horrible Bosses","2011-07-08",5.544,6.573,6776,35000000,209838559,98,NA,NA,NA,NA,"No"
417859,"Puss in Boots","2011-10-27",5.4946,6.6,4529,130000000,554987477,90,NA,NA,NA,NA,"No"
58574,"Sherlock Holmes: A Game of Shadows","2011-11-22",5.429,7.144,10900,125000000,334615000,129,NA,NA,NA,NA,"No"
74465,"We Bought a Zoo","2011-11-26",5.3442,6.828,2935,50000000,120081841,124,NA,NA,NA,NA,"No"
44826,"Hugo","2011-11-22",5.2966,7.175,7636,170000000,185770160,126,NA,NA,NA,NA,"No"
70006,"Never Back Down 2: The Beatdown","2011-09-13",5.2701,6.485,696,3000000,0,99,NA,NA,NA,NA,"No"
47327,"Drive Angry","2011-02-24",5.1747,5.528,2023,50000000,40909909,104,NA,NA,NA,NA,"No"
37686,"Super 8","2011-06-09",5.11,6.775,7044,50000000,260100000,112,NA,NA,NA,NA,"No"
45612,"Source Code","2011-03-30",5.079,7.31,9065,32000000,147332697,93,NA,NA,NA,NA,"No"
49849,"Cowboys & Aliens","2011-07-29",4.9832,5.649,5385,163000000,174822325,119,NA,NA,NA,NA,"No"
55846,"Blitz","2011-05-20",4.973,6.184,1798,15774948,15800000,97,NA,NA,NA,NA,"No"
81481,"Silenced","2011-09-22",4.9316,8.151,767,2200000,31500000,125,NA,NA,NA,NA,"No"
55301,"Alvin and the Chipmunks: Chipwrecked","2011-12-14",4.9132,5.703,2343,75000000,342695435,87,NA,NA,NA,NA,"No"
74308,"Detachment","2011-04-24",4.7824,7.623,1983,0,1681521,98,NA,NA,NA,NA,"No"
57212,"War Horse","2011-12-25",4.7823,7.299,3661,66000000,177584879,146,NA,NA,NA,NA,"No"
49520,"The Change-Up","2011-08-05",4.7191,6.159,2963,52000000,75500000,112,NA,NA,NA,NA,"No"
44912,"Green Lantern","2011-06-14",4.6992,5.182,7627,200000000,219851172,114,NA,NA,NA,NA,"No"
1088615,"Anaagarigam","2011-11-26",4.6115,8,2,0,0,115,NA,NA,NA,NA,"No"
114168,"Perras","2011-03-04",4.5803,7.247,308,0,0,100,NA,NA,NA,NA,"No"
58233,"Johnny English Reborn","2011-09-15",4.565,6.243,3569,45000000,160078586,101,NA,NA,NA,NA,"No"
137227,"Doraemon: Nobita and the New Steel Troops: Winged Angels","2011-03-05",4.5328,7.4,84,0,0,108,NA,NA,NA,NA,"No"
59436,"Midnight in Paris","2011-05-11",4.3765,7.514,7714,17000000,151119219,94,NA,NA,NA,NA,"No"
1088602,"Shanthi Appuram Nithya","2011-06-10",4.367,4,2,0,0,96,NA,NA,NA,NA,"No"
56288,"Spy Kids: All the Time in the World","2011-08-18",4.3632,4.697,1054,27000000,85564310,89,NA,NA,NA,NA,"No"
75624,"Naruto Shippuden the Movie: Blood Prison","2011-07-30",4.3434,7.3,697,0,9065101,108,NA,NA,NA,NA,"No"
60895,"Beyond the Blackboard","2011-04-24",4.3372,7.6,68,0,0,100,NA,NA,NA,NA,"No"
41513,"The Smurfs","2011-07-29",4.3277,5.758,3989,110000000,563749323,103,NA,NA,NA,NA,"No"
8967,"The Tree of Life","2011-05-17",4.2659,6.727,3316,32000000,54700000,139,NA,NA,NA,NA,"No"
44943,"Battle: Los Angeles","2011-03-08",4.2213,5.815,3707,70000000,211800000,116,NA,NA,NA,NA,"No"
38050,"The Adjustment Bureau","2011-03-03",4.2142,6.778,4894,50200000,127900000,106,NA,NA,NA,NA,"No"
59965,"Abduction","2011-09-22",4.1932,5.839,3014,35000000,82087155,106,NA,NA,NA,NA,"No"
49517,"Tinker Tailor Soldier Spy","2011-09-16",4.1276,6.627,2900,30000000,81515369,127,NA,NA,NA,NA,"No"
46529,"I Am Number Four","2011-02-18",4.1106,6.175,4958,50000000,149900000,109,NA,NA,NA,NA,"No"
83389,"From Up on Poppy Hill","2011-07-16",4.0666,7.523,1931,22000000,61037844,91,NA,NA,NA,NA,"No"
120475,"Dragon Ball: Episode of Bardock","2011-12-17",4.062,7.035,437,0,0,20,NA,NA,NA,NA,"No"
52451,"The Three Musketeers","2011-08-31",4.005,5.8,2773,75000000,132274484,110,NA,NA,NA,NA,"No"
50839,"Margin Call","2011-09-28",3.9815,6.864,2076,3500000,19504039,107,NA,NA,NA,NA,"No"
37430,"Conan the Barbarian","2011-08-17",3.9644,5.31,1995,90000000,63523283,113,NA,NA,NA,NA,"No"
75900,"My Week with Marilyn","2011-11-23",3.936,6.677,1355,6400000,35100000,99,NA,NA,NA,NA,"No"
73454,"X","2011-11-23",3.933,6.4,320,0,0,90,NA,NA,NA,NA,"No"
64586,"Sleeping Beauty","2011-06-10",3.9295,5.37,679,10000000,408680,102,NA,NA,NA,NA,"No"
60307,"Diary of a Wimpy Kid: Rodrick Rules","2011-03-25",3.9197,6.709,1244,18000000,72200000,99,NA,NA,NA,NA,"No"
79707,"Children Who Chase Lost Voices","2011-05-07",3.9091,7.247,776,0,0,116,NA,NA,NA,NA,"No"
49021,"Killer Elite","2011-09-22",3.9074,6.267,2306,66000000,57777106,116,NA,NA,NA,NA,"No"
71859,"We Need to Talk About Kevin","2011-09-28",3.8903,7.545,3078,7000000,10800000,113,NA,NA,NA,NA,"No"
60935,"The Thing","2011-10-12",3.824,6.229,3184,35000000,31505287,103,NA,NA,NA,NA,"No"
50456,"Hanna","2011-04-07",3.8153,6.586,3646,30000000,63782078,111,NA,NA,NA,NA,"No"
45772,"Gnomeo & Juliet","2011-01-13",3.8145,5.901,2066,36000000,189712432,84,NA,NA,NA,NA,"No"
63197,"Megan Is Missing","2011-05-01",3.786,6.159,832,0,0,86,NA,NA,NA,NA,"No"
24428,"The Avengers","2012-04-25",45.1545,8.016,37642,220000000,1518815515,143,NA,NA,NA,NA,"No"
107257,"A Perfect Ending","2012-06-01",17.897,6.224,134,175000,0,110,NA,NA,NA,NA,"No"
62177,"Brave","2012-06-21",17.5296,7.022,14111,185000000,538983207,93,NA,NA,NA,NA,"No"
49051,"The Hobbit: An Unexpected Journey","2012-12-12",15.4053,7.371,19561,250000000,1021103568,169,NA,NA,NA,NA,"No"
49026,"The Dark Knight Rises","2012-07-17",15.1875,7.794,24266,250000000,1081041287,165,NA,NA,NA,NA,"No"
72105,"Ted","2012-06-29",13.8752,6.449,13116,50000000,549368315,107,NA,NA,NA,NA,"No"
1930,"The Amazing Spider-Man","2012-06-23",13.7236,6.733,18440,215000000,758725893,136,NA,NA,NA,NA,"No"
50620,"The Twilight Saga: Breaking Dawn - Part 2","2012-11-13",12.3804,6.456,9347,120000000,829747654,115,NA,NA,NA,NA,"No"
68718,"Django Unchained","2012-12-25",12.2172,8.19,27932,100000000,425368238,165,NA,NA,NA,NA,"No"
84308,"Madrid, 1987","2012-04-13",12.1488,6.542,71,0,0,104,NA,NA,NA,NA,"No"
122126,"The Concubine","2012-06-06",11.8526,5.8,110,0,16465764,122,NA,NA,NA,NA,"No"
82690,"Wreck-It Ralph","2012-11-01",10.7571,7.356,13027,165000000,471222889,101,NA,NA,NA,NA,"No"
76492,"Hotel Transylvania","2012-09-20",9.6202,6.963,9149,85000000,358375603,91,NA,NA,NA,NA,"No"
57800,"Ice Age: Continental Drift","2012-06-27",9.5896,6.383,8072,95000000,877244782,88,NA,NA,NA,NA,"No"
82693,"Silver Linings Playbook","2012-11-16",9.5383,7.151,12615,21000000,236412453,122,NA,NA,NA,NA,"No"
57214,"Project X","2012-03-01",9.5275,6.884,6769,12000000,102731865,88,NA,NA,NA,NA,"No"
49529,"John Carter","2012-03-07",9.399,6.359,6065,263700000,284100000,132,NA,NA,NA,NA,"No"
70981,"Prometheus","2012-05-30",9.2496,6.594,13203,130000000,403354469,124,NA,NA,NA,NA,"No"
44833,"Battleship","2012-04-11",8.9642,5.886,5918,209000000,303025485,131,NA,NA,NA,NA,"No"
80321,"Madagascar 3: Europe's Most Wanted","2012-06-06",8.4511,6.63,6532,145000000,746921274,93,NA,NA,NA,NA,"No"
87827,"Life of Pi","2012-11-20",8.4028,7.407,13729,120000000,609016565,127,NA,NA,NA,NA,"No"
37724,"Skyfall","2012-10-24",8.1918,7.26,16080,200000000,1108594176,143,NA,NA,NA,NA,"No"
76493,"The Dictator","2012-05-15",8.0299,6.224,6411,65000000,179379533,83,NA,NA,NA,NA,"No"
87428,"That's My Boy","2012-06-14",7.9327,5.8,2142,70000000,57719093,116,NA,NA,NA,NA,"No"
73723,"The Lorax","2012-03-01",7.8308,6.524,3853,70000000,349305397,86,NA,NA,NA,NA,"No"
70160,"The Hunger Games","2012-03-12",7.492,7.222,23229,75000000,6.94e+08,142,NA,NA,NA,NA,"No"
59967,"Looper","2012-09-26",7.438,6.907,10852,30000000,47042000,118,NA,NA,NA,NA,"No"
114150,"Pitch Perfect","2012-09-28",7.3911,7.273,6849,17000000,115647426,112,NA,NA,NA,NA,"No"
64688,"21 Jump Street","2012-03-14",7.2779,6.886,10978,42000000,201585328,109,NA,NA,NA,NA,"No"
81188,"Rise of the Guardians","2012-11-21",7.2545,7.372,7117,145000000,306941670,97,NA,NA,NA,NA,"No"
82507,"Sinister","2012-03-29",7.2234,6.875,6003,3000000,82515113,110,NA,NA,NA,NA,"No"
64635,"Total Recall","2012-08-02",6.9559,6.03,5850,125000000,198800000,118,NA,NA,NA,NA,"No"
112160,"Sexual Chronicles of a French Family","2012-05-09",6.9247,5.379,402,0,0,85,NA,NA,NA,NA,"No"
22970,"The Cabin in the Woods","2012-04-12",6.8866,6.647,8495,30000000,71038838,95,NA,NA,NA,NA,"No"
76163,"The Expendables 2","2012-08-08",6.8675,6.352,7149,100000000,314975955,103,NA,NA,NA,NA,"No"
75780,"Jack Reacher","2012-12-20",6.8408,6.66,7595,60000000,218300000,130,NA,NA,NA,NA,"No"
82695,"Les Misérables","2012-12-18",6.8124,7.307,5560,61000000,442636309,158,NA,NA,NA,NA,"No"
125509,"Wrong Turn 5: Bloodlines","2012-10-18",6.7502,5.5,1037,3000000,0,91,NA,NA,NA,NA,"No"
41154,"Men in Black 3","2012-05-23",6.6748,6.541,10942,225000000,654213485,106,NA,NA,NA,NA,"No"
71552,"American Reunion","2012-04-04",6.6288,6.303,4689,50000000,234989584,114,NA,NA,NA,NA,"No"
82675,"Taken 2","2012-09-27",6.5834,6.363,7079,45000000,376100000,91,NA,NA,NA,NA,"No"
77877,"The Lucky One","2012-04-19",6.4157,7.17,3815,25000000,99400000,101,NA,NA,NA,NA,"No"
84892,"The Perks of Being a Wallflower","2012-09-20",6.2577,7.802,11161,13000000,33384127,103,NA,NA,NA,NA,"No"
49040,"The Bourne Legacy","2012-08-08",6.2137,6.244,6099,130000000,276600000,135,NA,NA,NA,NA,"No"
109689,"I Want You","2012-06-22",6.1092,7.446,1954,0,24016152,123,NA,NA,NA,NA,"No"
57165,"Wrath of the Titans","2012-03-28",6.0528,5.76,4490,150000000,301970083,99,NA,NA,NA,NA,"No"
49049,"Dredd","2012-09-07",5.9489,6.86,5504,50000000,41037742,96,NA,NA,NA,NA,"No"
83542,"Cloud Atlas","2012-10-26",5.8328,6.894,7495,102000000,130482868,172,NA,NA,NA,NA,"No"
110420,"Wolf Children","2012-07-21",5.7856,8.2,2464,0,55262158,117,NA,NA,NA,NA,"No"
77866,"Contraband","2012-01-12",5.7403,6.333,2200,25000000,96262212,109,NA,NA,NA,NA,"No"
68734,"Argo","2012-10-11",5.7376,7.285,8916,44500000,232300000,120,"2012(85th)","Argo","Grant Heslov, Ben Affleck, and George Clooney",2012,"Yes"
87502,"Flight","2012-02-22",5.6437,6.859,6421,31000000,161772575,138,NA,NA,NA,NA,"No"
137409,"Cold War","2012-11-08",5.6249,6.662,195,0,8839331,102,NA,NA,NA,NA,"No"
75258,"Secret of the Wings","2012-08-17",5.5384,7.2,1351,0,0,75,NA,NA,NA,NA,"No"
72545,"Journey 2: The Mysterious Island","2012-01-19",5.501,6.144,4493,79000000,355692760,94,NA,NA,NA,NA,"No"
103663,"The Hunt","2012-10-25",5.419,8.096,4726,3800000,18300000,116,NA,NA,NA,NA,"No"
69537,"Nanban","2012-01-13",5.3188,7.1,64,8200000,0,181,NA,NA,NA,NA,"No"
62213,"Dark Shadows","2012-05-09",5.2687,6.098,7590,150000000,245527149,113,NA,NA,NA,NA,"No"
134764,"Due West: Our Sex Journey","2012-09-20",5.1045,6.051,59,0,0,119,NA,NA,NA,NA,"No"
80278,"The Impossible","2012-09-09",5.1037,7.368,6645,45000000,198100000,113,NA,NA,NA,NA,"No"
82881,"Tangled Ever After","2012-01-13",5.0951,7.1,1107,0,0,6,NA,NA,NA,NA,"No"
121602,"Dangerous Liaisons","2012-09-27",5.0305,6.011,44,31000000,0,110,NA,NA,NA,NA,"No"
77174,"ParaNorman","2012-08-03",5.0286,7.034,2758,60000000,107307220,93,NA,NA,NA,NA,"No"
76726,"Chronicle","2012-02-01",4.9011,6.846,5689,15000000,1.45e+08,84,NA,NA,NA,NA,"No"
62214,"Frankenweenie","2012-10-04",4.8957,7.006,3601,39000000,81493846,87,NA,NA,NA,NA,"No"
97630,"Zero Dark Thirty","2012-12-19",4.8944,6.992,4869,40000000,132800000,157,NA,NA,NA,NA,"No"
127533,"Rurouni Kenshin Part I: Origins","2012-08-25",4.8943,7.531,901,0,61700000,134,NA,NA,NA,NA,"No"
115290,"Blue Lagoon: The Awakening","2012-06-16",4.8276,6.462,1498,0,0,85,NA,NA,NA,NA,"No"
151512,"Jan Dara: The Beginning","2012-09-06",4.8001,5.869,42,0,0,136,NA,NA,NA,NA,"No"
58595,"Snow White and the Huntsman","2012-05-30",4.7598,5.987,8206,170000000,396600000,127,NA,NA,NA,NA,"No"
72570,"The Vow","2012-02-05",4.6323,7.228,4232,30000000,196114570,104,NA,NA,NA,NA,"No"
61012,"Silent Hill: Revelation 3D","2012-10-10",4.4584,5.542,1849,20000000,55975672,94,NA,NA,NA,NA,"No"
75629,"Evangelion: 3.0 You Can (Not) Redo","2012-11-17",4.4185,7.2,923,13000000,67282623,96,NA,NA,NA,NA,"No"
82633,"Lawless","2012-08-29",4.3885,7.07,3317,26000000,55404207,115,NA,NA,NA,NA,"No"
122583,"Detective Conan: The Eleventh Striker","2012-04-14",4.3777,6.824,145,0,44369456,110,NA,NA,NA,NA,"No"
83666,"Moonrise Kingdom","2012-05-16",4.3567,7.675,6305,16000000,68263166,94,NA,NA,NA,NA,"No"
176983,"One Piece Film: Z","2012-12-15",4.338,7.494,557,0,74223861,108,NA,NA,NA,NA,"No"
142487,"The Precocious and Brief Life of Sabina Rivas","2012-11-09",4.3176,7.099,121,4620000,2395000,115,NA,NA,NA,NA,"No"
175168,"Rape Zombie: Lust of the Dead","2012-07-13",4.2814,6.469,245,0,0,73,NA,NA,NA,NA,"No"
59961,"Safe House","2012-02-08",4.1208,6.49,3907,85000000,208076205,115,NA,NA,NA,NA,"No"
120150,"Thattathin Marayathu","2012-07-06",4.107,7.3,39,0,0,126,NA,NA,NA,NA,"No"
94329,"The Raid","2012-03-22",4.0895,7.4,3830,1100000,9148519,101,NA,NA,NA,NA,"No"
118412,"Berserk: The Golden Age Arc II - The Battle for Doldrey","2012-06-23",4.0707,7.3,461,0,0,98,NA,NA,NA,NA,"No"
77883,"The Possession","2012-08-30",4.0433,6.032,1696,14000000,85446075,92,NA,NA,NA,NA,"No"
98567,"Chinese Zodiac","2012-12-20",4.0324,6.184,881,26000000,171339013,123,NA,NA,NA,NA,"No"
113082,"Berserk: The Golden Age Arc I - The Egg of the King","2012-02-04",4.0206,7.2,540,0,2152610,76,NA,NA,NA,NA,"No"
118451,"Eungyo","2012-04-25",3.9946,6.7,100,0,9048531,129,NA,NA,NA,NA,"No"
118406,"Road to Ninja: Naruto the Movie","2012-07-28",3.9648,7.4,1241,0,17876559,109,NA,NA,NA,NA,"No"
72387,"Safe","2012-04-16",3.9362,6.495,2666,30000000,40300000,94,NA,NA,NA,NA,"No"
60747,"Red Dawn","2012-03-15",3.8475,5.714,1728,65000000,44806783,93,NA,NA,NA,NA,"No"
68722,"The Master","2012-09-14",3.825,7.099,3287,32000000,28258060,137,NA,NA,NA,NA,"No"
72976,"Lincoln","2012-11-09",3.7566,6.848,4042,65000000,275300000,150,NA,NA,NA,NA,"No"
75174,"The Grey","2012-01-26",3.6563,6.574,4098,25000000,79781695,117,NA,NA,NA,NA,"No"
75674,"Act of Valor","2012-02-24",3.6528,6.5,1241,12000000,82499399,110,NA,NA,NA,NA,"No"
65086,"The Woman in Black","2012-02-03",3.6252,6.141,3652,32000000,1.29e+08,95,NA,NA,NA,NA,"No"
133121,"Resident Evil: Damnation","2012-09-25",3.6251,6.896,990,0,2325035,100,NA,NA,NA,NA,"No"
72331,"Abraham Lincoln: Vampire Hunter","2012-06-20",3.625,5.764,3545,69000000,116500000,105,NA,NA,NA,NA,"No"
52520,"Underworld: Awakening","2012-01-19",3.6131,6.333,4339,70000000,160112671,88,NA,NA,NA,NA,"No"
121875,"In the House","2012-09-26",3.6005,7.235,912,0,11879046,105,NA,NA,NA,NA,"No"
160642,"Doraemon: Nobita and the Island of Miracles – Animal Adventure","2012-03-03",3.5592,6.873,75,0,46180706,100,NA,NA,NA,NA,"No"
249397,"Nymphomaniac: Vol. II","2013-12-25",49.7238,6.708,3123,2350000,4934725,124,NA,NA,NA,NA,"No"
184314,"Young & Beautiful","2013-08-21",33.6996,6.5,1314,4650000,9757417,95,NA,NA,NA,NA,"No"
106646,"The Wolf of Wall Street","2013-12-25",24.4231,8,25827,100000000,407038432,180,NA,NA,NA,NA,"No"
258216,"Nymphomaniac: Vol. I","2013-12-25",23.2333,6.845,3628,2350000,13545832,118,NA,NA,NA,NA,"No"
138843,"The Conjuring","2013-07-18",18.0558,7.536,12649,13000000,321293998,112,NA,NA,NA,NA,"No"
109445,"Frozen","2013-11-20",16.9281,7.247,17519,150000000,1274219009,102,NA,NA,NA,NA,"No"
68721,"Iron Man 3","2013-04-18",15.5333,6.931,23360,200000000,1215577205,130,NA,NA,NA,NA,"No"
72190,"World War Z","2013-06-19",14.8712,6.826,16461,200000000,531865000,116,NA,NA,NA,NA,"No"
152601,"Her","2013-12-18",12.3131,7.839,15247,23000000,47351251,126,NA,NA,NA,NA,"No"
68726,"Pacific Rim","2013-07-11",12.2225,6.919,13291,180000000,4.11e+08,131,NA,NA,NA,NA,"No"
57158,"The Hobbit: The Desolation of Smaug","2013-12-11",11.1626,7.577,14140,250000000,958400000,161,NA,NA,NA,NA,"No"
49521,"Man of Steel","2013-06-12",11.0731,6.643,16123,225000000,668045518,143,NA,NA,NA,NA,"No"
146233,"Prisoners","2013-09-19",11.0143,8.103,12991,46000000,122127446,153,NA,NA,NA,NA,"No"
49519,"The Croods","2013-03-15",10.6634,6.937,7507,135000000,587204668,99,NA,NA,NA,NA,"No"
75656,"Now You See Me","2013-05-29",10.5062,7.331,16714,75000000,351723989,116,NA,NA,NA,NA,"No"
204082,"Homefront","2013-11-12",10.4709,6.936,3807,22000000,51695362,100,NA,NA,NA,NA,"No"
109428,"Evil Dead","2013-04-05",10.2993,6.588,4986,17000000,99010045,91,NA,NA,NA,NA,"No"
109418,"Grown Ups 2","2013-07-11",10.1654,6.142,4642,80000000,247022278,101,NA,NA,NA,NA,"No"
207768,"I Spit on Your Grave 2","2013-08-25",9.8232,6.275,1417,0,678604,106,NA,NA,NA,NA,"No"
93456,"Despicable Me 2","2013-06-26",9.8155,6.944,11963,76000000,970766005,98,NA,NA,NA,NA,"No"
122906,"About Time","2013-09-04",9.8008,7.905,9218,12000000,87100449,123,NA,NA,NA,NA,"No"
255709,"Hope","2013-10-02",9.785,8.4,843,0,0,122,NA,NA,NA,NA,"No"
76338,"Thor: The Dark World","2013-10-30",9.2576,6.509,18273,170000000,644783140,112,NA,NA,NA,NA,"No"
75612,"Oblivion","2013-04-10",9.1513,6.675,11452,120000000,286168572,124,NA,NA,NA,NA,"No"
286687,"Love Lesson","2013-12-05",8.8556,6.8,42,0,0,80,NA,NA,NA,NA,"No"
101299,"The Hunger Games: Catching Fire","2013-11-15",8.7687,7.427,18382,130000000,865011746,146,NA,NA,NA,NA,"No"
174341,"Some Velvet Morning","2013-12-13",8.4627,5.836,61,0,6420,84,NA,NA,NA,NA,"No"
138832,"We're the Millers","2013-08-07",7.8556,6.8,9422,37000000,2.7e+08,110,NA,NA,NA,NA,"No"
4258,"Scary Movie 5","2013-04-11",7.7205,4.788,3011,20000000,78613981,88,NA,NA,NA,NA,"No"
81005,"Jack the Giant Slayer","2013-02-27",7.5046,5.875,5199,195000000,197700000,114,NA,NA,NA,NA,"No"
116745,"The Secret Life of Walter Mitty","2013-12-18",7.4181,7.218,8211,90000000,188133322,114,NA,NA,NA,NA,"No"
62211,"Monsters University","2013-06-19",7.4108,7.046,11267,200000000,743559465,104,NA,NA,NA,NA,"No"
64682,"The Great Gatsby","2013-05-09",7.2959,7.351,12921,105000000,351040419,143,NA,NA,NA,NA,"No"
110415,"Snowpiercer","2013-08-01",7.2639,6.908,10377,39200000,86758912,127,NA,NA,NA,NA,"No"
49047,"Gravity","2013-10-03",7.1914,7.168,16280,105000000,723192705,91,NA,NA,NA,NA,"No"
218746,"Young Mother","2013-07-31",6.9958,5,20,0,0,83,NA,NA,NA,NA,"No"
96721,"Rush","2013-09-02",6.9487,7.735,7786,38000000,90200000,123,NA,NA,NA,NA,"No"
109439,"The Hangover Part III","2013-05-23",6.9033,6.208,9201,103000000,362000072,100,NA,NA,NA,NA,"No"
1136861,"Pure Entrustment","2013-04-03",6.8683,0,0,0,0,60,NA,NA,NA,NA,"No"
116711,"Epic","2013-05-15",6.8517,6.551,2910,100000000,268426634,102,NA,NA,NA,NA,"No"
107846,"Escape Plan","2013-10-09",6.5473,6.721,5560,50000000,137328301,115,NA,NA,NA,NA,"No"
216919,"Deseo","2013-09-13",6.5221,6.544,270,0,0,97,NA,NA,NA,NA,"No"
64686,"47 Ronin","2013-12-06",6.312,6.202,4118,175000000,151783839,119,NA,NA,NA,NA,"No"
193756,"Lone Survivor","2013-12-24",6.277,7.429,4719,40000000,149295601,121,NA,NA,NA,NA,"No"
77950,"Turbo","2013-07-11",6.2387,6.266,3662,135000000,282570682,96,NA,NA,NA,NA,"No"
76203,"12 Years a Slave","2013-10-18",6.1631,7.932,11946,20000000,1.87e+08,134,"2013(86th)","12 Years a Slave","Brad Pitt, Dede Gardner, Jeremy Kleiner, Steve McQueen, and Anthony Katagas",2013,"Yes"
198228,"Eastwood Directs: The Untold Story","2013-04-27",5.9883,6.146,24,0,0,65,NA,NA,NA,NA,"No"
68724,"Elysium","2013-08-07",5.8676,6.518,9540,115000000,286140700,109,NA,NA,NA,NA,"No"
117263,"Olympus Has Fallen","2013-03-20",5.8513,6.415,7042,70000000,170270201,120,NA,NA,NA,NA,"No"
109451,"Cloudy with a Chance of Meatballs 2","2013-09-26",5.8482,6.453,3464,78000000,248384621,95,NA,NA,NA,NA,"No"
149871,"The Tale of The Princess Kaguya","2013-11-23",5.7476,8.094,1971,49300000,24366656,137,NA,NA,NA,NA,"No"
251783,"Pleasure or Pain","2013-09-05",5.6314,4.832,92,0,0,102,NA,NA,NA,NA,"No"
146216,"RED 2","2013-07-18",5.6094,6.533,4304,84000000,148075565,116,NA,NA,NA,NA,"No"
136400,"2 Guns","2013-08-02",5.589,6.54,4481,61000000,131940411,109,NA,NA,NA,NA,"No"
72559,"G.I. Joe: Retaliation","2013-03-27",5.5503,5.65,5745,130000000,371900000,110,NA,NA,NA,NA,"No"
138697,"Don Jon","2013-09-12",5.5394,6.014,4561,3000000,0,90,NA,NA,NA,NA,"No"
91586,"Insidious: Chapter 2","2013-09-12",5.527,6.681,4542,5000000,161921515,106,NA,NA,NA,NA,"No"
54138,"Star Trek Into Darkness","2013-05-05",5.4476,7.319,9620,190000000,467381584,132,NA,NA,NA,NA,"No"
123553,"The Mortal Instruments: City of Bones","2013-08-21",5.3529,6.427,4630,60000000,95396573,130,NA,NA,NA,NA,"No"
158015,"The Purge","2013-05-31",5.3135,6.25,8807,3000000,91266581,85,NA,NA,NA,NA,"No"
126963,"Dragon Ball Z: Battle of Gods","2013-03-30",5.2672,6.8,1632,0,50461371,85,NA,NA,NA,NA,"No"
60304,"Hansel & Gretel: Witch Hunters","2013-01-17",5.257,6.097,7071,50000000,226349749,88,NA,NA,NA,NA,"No"
170657,"Journey to the West: Conquering the Demons","2013-02-07",5.2414,6.9,437,0,215637183,110,NA,NA,NA,NA,"No"
76617,"Texas Chainsaw 3D","2013-01-03",5.2035,5.5,1808,20000000,47340586,92,NA,NA,NA,NA,"No"
87421,"Riddick","2013-09-02",5.1429,6.34,4385,38000000,98337295,119,NA,NA,NA,NA,"No"
109414,"This Is the End","2013-06-12",5.0638,6.236,6806,32000000,126041322,106,NA,NA,NA,NA,"No"
149870,"The Wind Rises","2013-07-20",5.0494,7.793,3346,30000000,117932401,126,NA,NA,NA,NA,"No"
87516,"Oldboy","2013-11-14",4.982,5.925,2111,30000000,5200000,104,NA,NA,NA,NA,"No"
139038,"A Haunted House","2013-01-11",4.9636,5.946,2040,2500000,60141683,86,NA,NA,NA,NA,"No"
59859,"Kick-Ass 2","2013-07-17",4.9629,6.404,6559,28000000,60795985,103,NA,NA,NA,NA,"No"
198375,"The Garden of Words","2013-05-31",4.9513,7.581,2216,0,820165,46,NA,NA,NA,NA,"No"
87818,"Movie 43","2013-01-24",4.9378,4.654,2492,6000000,32443111,98,NA,NA,NA,NA,"No"
173185,"It Boy","2013-03-06",4.8562,6.48,1574,0,0,92,NA,NA,NA,NA,"No"
168672,"American Hustle","2013-12-03",4.8539,6.856,7715,40000000,251171807,138,NA,NA,NA,NA,"No"
109410,"42","2013-04-12",4.7707,7.194,1948,40000000,95020213,128,NA,NA,NA,NA,"No"
109424,"Captain Phillips","2013-10-10",4.7605,7.539,7452,55000000,218791811,134,NA,NA,NA,NA,"No"
151960,"Planes","2013-08-09",4.6405,5.9,1815,50000000,219788712,91,NA,NA,NA,NA,"No"
49524,"R.I.P.D.","2013-07-18",4.6325,5.859,4271,130000000,61600000,96,NA,NA,NA,NA,"No"
228805,"Detective Conan: Private Eye in the Distant Sea","2013-04-19",4.5777,6.622,127,0,36324232,110,NA,NA,NA,NA,"No"
68728,"Oz the Great and Powerful","2013-03-07",4.5463,5.933,6781,200000000,491868548,130,NA,NA,NA,NA,"No"
218726,"Doraemon: Nobita's Secret Gadget Museum","2013-03-09",4.5347,6.404,47,0,42770271,104,NA,NA,NA,NA,"No"
169881,"The Physician","2013-12-25",4.5213,7.335,1174,36000000,57284237,155,NA,NA,NA,NA,"No"
200085,"The Flu","2013-08-14",4.4721,7.512,1270,0,19775853,122,NA,NA,NA,NA,"No"
117251,"White House Down","2013-06-27",4.4481,6.465,5077,150000000,205366737,131,NA,NA,NA,NA,"No"
80274,"Ender's Game","2013-10-24",4.4472,6.587,6224,110000000,125537191,114,NA,NA,NA,NA,"No"
136418,"Hummingbird","2013-05-07",4.3951,6.176,1854,20000000,8352885,100,NA,NA,NA,NA,"No"
205321,"Sharknado","2013-07-11",4.3348,3.92,1682,1000000,0,87,NA,NA,NA,NA,"No"
165213,"New World","2013-02-21",4.3346,7.422,539,0,0,134,NA,NA,NA,NA,"No"
231164,"Sweet Whip","2013-09-21",4.3021,5.9,30,0,0,144,NA,NA,NA,NA,"No"
136795,"The Heat","2013-06-27",4.2672,6.593,4155,43000000,229930771,117,NA,NA,NA,NA,"No"
77931,"The Smurfs 2","2013-07-30",4.2634,5.752,2358,105000000,347434178,105,NA,NA,NA,NA,"No"
77805,"Lovelace","2013-08-08",4.2578,6,749,10000000,1585582,92,NA,NA,NA,NA,"No"
256522,"Rape Zombie: Lust of the Dead 2","2013-03-23",4.248,6.234,109,0,0,67,NA,NA,NA,NA,"No"
97367,"The Place Beyond the Pines","2013-03-20",4.1554,6.984,5169,15000000,47135966,140,NA,NA,NA,NA,"No"
112205,"The Family","2013-09-13",4.1238,6.366,3102,30000000,36894225,111,NA,NA,NA,NA,"No"
107985,"The World's End","2013-07-18",4.1124,6.809,5852,20000000,46100000,109,NA,NA,NA,NA,"No"
132232,"Mama","2013-01-17",4.1005,6.289,4392,15000000,146428180,100,NA,NA,NA,NA,"No"
44865,"The Grandmaster","2013-01-10",4.0843,6.624,978,38600000,64076736,130,NA,NA,NA,NA,"No"
166666,"3096 Days","2013-02-21",4.0581,7.382,988,0,6677474,111,NA,NA,NA,NA,"No"
153158,"Underdogs","2013-07-18",4.0501,7,549,21000000,32768940,107,NA,NA,NA,NA,"No"
157336,"Interstellar","2014-11-05",62.235,8.471,39579,165000000,746606706,169,NA,NA,NA,NA,"No"
341054,"Fool Japan: The ABCs of Tetsudon","2014-03-01",20.6911,0,0,0,0,95,NA,NA,NA,NA,"No"
244786,"Whiplash","2014-10-10",20.5068,8.374,16554,3300000,50307484,107,NA,NA,NA,NA,"No"
269955,"Obsessed","2014-05-14",20.4582,6.681,80,0,0,132,NA,NA,NA,NA,"No"
177572,"Big Hero 6","2014-10-24",18.4864,7.723,16511,165000000,657870525,102,NA,NA,NA,NA,"No"
122917,"The Hobbit: The Battle of the Five Armies","2014-12-10",17.3737,7.332,15292,250000000,956019788,144,NA,NA,NA,NA,"No"
313534,"New Dubai","2014-10-23",16.6633,6.2,12,0,0,50,NA,NA,NA,NA,"No"
210577,"Gone Girl","2014-10-01",16.042,7.889,19883,61000000,370890259,149,NA,NA,NA,NA,"No"
156022,"The Equalizer","2014-09-24",15.2889,7.285,9903,55000000,192330738,132,NA,NA,NA,NA,"No"
198663,"The Maze Runner","2014-09-10",15.1278,7.189,18044,34000000,348319861,113,NA,NA,NA,NA,"No"
205596,"The Imitation Game","2014-11-14",14.4356,7.985,18021,14000000,233555708,113,NA,NA,NA,NA,"No"
228150,"Fury","2014-10-15",13.76,7.543,12875,68000000,211817906,135,NA,NA,NA,NA,"No"
102382,"The Amazing Spider-Man 2","2014-04-16",13.5993,6.533,14165,200000000,716934779,141,NA,NA,NA,NA,"No"
287649,"Scarlet Innocence","2014-10-02",13.5367,6.1,69,0,0,111,NA,NA,NA,NA,"No"
270946,"Penguins of Madagascar","2014-11-22",11.8998,6.531,4447,132000000,373515621,92,NA,NA,NA,NA,"No"
82702,"How to Train Your Dragon 2","2014-06-05",11.326,7.679,10382,145000000,621537519,102,NA,NA,NA,NA,"No"
137113,"Edge of Tomorrow","2014-05-27",11.1196,7.637,14983,178000000,370541256,114,NA,NA,NA,NA,"No"
120467,"The Grand Budapest Hotel","2014-02-26",10.8572,8.029,16018,30000000,174600318,100,NA,NA,NA,NA,"No"
245891,"John Wick","2014-10-22",10.8167,7.453,20739,20000000,86085191,101,NA,NA,NA,NA,"No"
102651,"Maleficent","2014-05-28",10.3613,7.086,13683,180000000,758539785,97,NA,NA,NA,NA,"No"
184315,"Hercules","2014-07-23",10.349,5.799,4330,100000000,244819862,98,NA,NA,NA,NA,"No"
308624,"The Story of Ong-nyeo","2014-08-21",9.642,5.5,6,0,0,94,NA,NA,NA,NA,"No"
242582,"Nightcrawler","2014-10-23",9.5994,7.709,11663,8500000,47425835,118,NA,NA,NA,NA,"No"
131631,"The Hunger Games: Mockingjay - Part 1","2014-11-19",9.5492,6.817,16682,125000000,755356711,123,NA,NA,NA,NA,"No"
240832,"Lucy","2014-07-25",9.5213,6.474,17006,40000000,469058574,89,NA,NA,NA,NA,"No"
91314,"Transformers: Age of Extinction","2014-06-25",9.52,5.958,8708,210000000,1105261713,165,NA,NA,NA,NA,"No"
260346,"Taken 3","2014-12-16",9.4298,6.26,6112,48000000,325800000,109,NA,NA,NA,NA,"No"
297090,"The Torture Club","2014-07-19",9.3489,5.2,50,0,0,97,NA,NA,NA,NA,"No"
127585,"X-Men: Days of Future Past","2014-05-15",9.1613,7.53,16196,250000000,748045700,132,NA,NA,NA,NA,"No"
124905,"Godzilla","2014-05-14",8.7395,6.354,9733,160000000,524978362,123,NA,NA,NA,NA,"No"
137106,"The Lego Movie","2014-02-06",8.5836,7.422,8421,60000000,470759687,100,NA,NA,NA,NA,"No"
147441,"Exodus: Gods and Kings","2014-12-03",8.5444,5.884,4835,140000000,268031828,150,NA,NA,NA,NA,"No"
232672,"Blended","2014-05-21",8.5266,6.89,3784,40000000,1.28e+08,117,NA,NA,NA,NA,"No"
190859,"American Sniper","2014-12-25",8.2781,7.412,13598,58800000,542300000,133,NA,NA,NA,NA,"No"
119450,"Dawn of the Planet of the Apes","2014-07-08",8.1726,7.337,12185,170000000,710644566,130,NA,NA,NA,NA,"No"
118340,"Guardians of the Galaxy","2014-07-30",7.8897,7.905,29615,170000000,772776600,121,NA,NA,NA,NA,"No"
297222,"PK","2014-12-18",7.7884,7.691,1145,13000000,118920000,153,NA,NA,NA,NA,"No"
157350,"Divergent","2014-03-14",7.5552,6.904,13427,85000000,288885818,140,NA,NA,NA,NA,"No"
181533,"Night at the Museum: Secret of the Tomb","2014-12-17",7.5528,6.222,6204,127000000,363204635,98,NA,NA,NA,NA,"No"
184345,"A Haunted House 2","2014-04-17",7.2865,6.175,1580,4000000,25343661,87,NA,NA,NA,NA,"No"
372962,"Mai-chan's Daily Life","2014-11-29",7.2499,5.2,18,0,0,63,NA,NA,NA,NA,"No"
138103,"The Expendables 3","2014-08-07",7.1908,6.204,5317,95000000,214657577,126,NA,NA,NA,NA,"No"
196867,"Annie","2014-12-18",7.1714,6.238,1351,65000000,136853506,118,NA,NA,NA,NA,"No"
53182,"300: Rise of an Empire","2014-03-05",6.9822,6.115,6923,110000000,337580051,102,NA,NA,NA,NA,"No"
98566,"Teenage Mutant Ninja Turtles","2014-08-07",6.7375,5.927,7163,125000000,485004754,101,NA,NA,NA,NA,"No"
225886,"Sex Tape","2014-07-17",6.7046,5.409,4212,40000000,126069509,94,NA,NA,NA,NA,"No"
172385,"Rio 2","2014-03-19",6.588,6.5,3739,103000000,498781117,101,NA,NA,NA,NA,"No"
100402,"Captain America: The Winter Soldier","2014-03-20",6.5342,7.653,19930,170000000,714766572,136,NA,NA,NA,NA,"No"
265177,"Mommy","2014-09-19",6.4069,8.208,2841,4900000,3494070,138,NA,NA,NA,NA,"No"
194662,"Birdman or (The Unexpected Virtue of Ignorance)","2014-10-17",6.2752,7.442,13539,18000000,103215094,120,NA,NA,NA,NA,"No"
228967,"The Interview","2014-12-25",6.2468,6.188,6205,44000000,12342632,112,NA,NA,NA,NA,"No"
187017,"22 Jump Street","2014-06-05",6.0859,6.825,8492,50000000,331333876,112,NA,NA,NA,NA,"No"
200727,"Love, Rosie","2014-10-16",5.9039,7.811,6483,0,4439431,102,NA,NA,NA,NA,"No"
216282,"Into the Storm","2014-08-06",5.7785,6.059,2153,50000000,160600000,89,NA,NA,NA,NA,"No"
235271,"Addicted","2014-10-10",5.7481,5.883,440,0,17534314,105,NA,NA,NA,NA,"No"
206487,"Predestination","2014-08-28",5.5962,7.415,7047,5500000,4942449,98,NA,NA,NA,NA,"No"
263132,"Naked Ambition 3D","2014-03-25",5.5284,5,49,0,0,107,NA,NA,NA,NA,"No"
292777,"Flower & Snake: Zero","2014-05-17",5.4905,6,43,0,0,113,NA,NA,NA,NA,"No"
116149,"Paddington","2014-11-24",5.3882,7.119,4214,55000000,326113057,95,NA,NA,NA,NA,"No"
238636,"The Purge: Anarchy","2014-07-17",5.3566,6.628,6690,9000000,111928365,103,NA,NA,NA,NA,"No"
205587,"The Judge","2014-10-08",5.3234,7.331,4411,40000000,84419388,141,NA,NA,NA,NA,"No"
86834,"Noah","2014-03-07",5.3076,5.678,6588,125000000,362600000,138,NA,NA,NA,NA,"No"
256274,"As Above, So Below","2014-08-14",5.3031,6.739,3828,5000000,41898409,93,NA,NA,NA,NA,"No"
317442,"The Last: Naruto the Movie","2014-12-06",5.2633,7.468,2386,750000,19840000,114,NA,NA,NA,NA,"No"
189,"Sin City: A Dame to Kill For","2014-08-20",5.24,6.403,4141,65000000,39407616,102,NA,NA,NA,NA,"No"
72784,"The Loft","2014-10-14",5.2231,6.4,1561,14000000,10100000,103,NA,NA,NA,NA,"No"
228326,"The Book of Life","2014-10-01",5.1554,7.53,2917,50000000,97437106,95,NA,NA,NA,NA,"No"
97020,"RoboCop","2014-01-30",5.1409,5.885,5829,120000000,242688965,118,NA,NA,NA,NA,"No"
136797,"Need for Speed","2014-03-12",5.13,6.434,4679,66000000,203277636,132,NA,NA,NA,NA,"No"
284536,"The Gambler","2014-12-25",5.1073,6.022,1552,25000000,39171130,111,NA,NA,NA,NA,"No"
257512,"Detective Conan: Dimensional Sniper","2014-04-19",5.0467,6.835,133,0,42028116,110,NA,NA,NA,NA,"No"
154400,"The Drop","2014-09-12",5.0334,6.829,2410,12600000,19054534,106,NA,NA,NA,NA,"No"
220289,"Coherence","2014-04-06",5.0132,7.214,3370,50000,139745,89,NA,NA,NA,NA,"No"
157353,"Transcendence","2014-04-16",4.9993,6.071,5784,100000000,103039258,119,NA,NA,NA,NA,"No"
82703,"Mr. Peabody & Sherman","2014-02-07",4.952,6.727,2521,145000000,272912430,92,NA,NA,NA,NA,"No"
242828,"When Marnie Was There","2014-07-19",4.8225,7.935,1955,0,34949567,103,NA,NA,NA,NA,"No"
297270,"Tinker Bell and the Legend of the NeverBeast","2014-12-12",4.7989,7.361,1176,0,0,77,NA,NA,NA,NA,"No"
100042,"Dumb and Dumber To","2014-11-12",4.7818,5.573,3406,40000000,169837010,110,NA,NA,NA,NA,"No"
180299,"The Raid 2","2014-03-27",4.7742,7.608,2570,4500000,6566916,150,NA,NA,NA,NA,"No"
302945,"Love Affair","2014-10-30",4.7018,5.66,25,0,0,91,NA,NA,NA,NA,"No"
250546,"Annabelle","2014-10-01",4.6754,5.79,6525,6500000,257589952,99,NA,NA,NA,NA,"No"
212778,"Chef","2014-05-08",4.6618,7.116,3625,11000000,50440695,114,NA,NA,NA,NA,"No"
193893,"Let's Be Cops","2014-08-13",4.5748,6.461,2954,17000000,136600000,104,NA,NA,NA,NA,"No"
49017,"Dracula Untold","2014-10-01",4.5663,6.449,6471,70000000,217124280,92,NA,NA,NA,NA,"No"
253376,"In Darkness We Fall","2014-01-24",4.5458,5.869,183,0,0,76,NA,NA,NA,NA,"No"
297021,"Recently, My Sister Is Unusual","2014-05-17",4.502,6.857,77,0,0,117,NA,NA,NA,NA,"No"
171274,"Inherent Vice","2014-12-12",4.4906,6.544,2700,20000000,14810975,149,NA,NA,NA,NA,"No"
280019,"For the Emperor","2014-06-11",4.4854,5.746,59,0,3930965,104,NA,NA,NA,NA,"No"
181886,"Enemy","2014-03-14",4.4828,6.845,6388,3500000,3396726,91,NA,NA,NA,NA,"No"
290380,"The Dreamlife of David L","2014-04-11",4.4652,4,4,0,0,90,NA,NA,NA,NA,"No"
230179,"Big Game","2014-09-05",4.4495,5.488,1224,8500000,7500000,90,NA,NA,NA,NA,"No"
250066,"American Heist","2014-09-11",4.4449,4.818,382,10000000,0,94,NA,NA,NA,NA,"No"
136835,"No Good Deed","2014-09-10",4.4154,5.955,678,13200000,53830415,84,NA,NA,NA,NA,"No"
97370,"Under the Skin","2014-03-14",4.4122,6.143,3788,13300000,7229933,108,NA,NA,NA,NA,"No"
193610,"The Other Woman","2014-04-16",4.3993,6.422,3718,40000000,196800000,109,NA,NA,NA,NA,"No"
68737,"Seventh Son","2014-12-12",4.3632,5.517,2640,95000000,114178613,102,NA,NA,NA,NA,"No"
222935,"The Fault in Our Stars","2014-06-02",4.3243,7.591,11543,14000000,307166834,126,NA,NA,NA,NA,"No"
242224,"The Babadook","2014-05-22",4.317,6.533,6392,2000000,10300000,94,NA,NA,NA,NA,"No"
546726,"Sub Rosa","2014-08-10",4.2887,6,18,0,0,22,NA,NA,NA,NA,"No"
297608,"The Taking of Deborah Logan","2014-10-21",4.1662,6.549,1457,0,0,90,NA,NA,NA,NA,"No"
318256,"Hot Girls Wanted","2015-01-24",120.466,6.083,707,0,0,84,NA,NA,NA,NA,"No"
214756,"Ted 2","2015-06-25",28.9011,6.3,7953,68000000,215863606,115,NA,NA,NA,NA,"No"
99861,"Avengers: Age of Ultron","2015-04-22",20.8888,7.27,24343,235000000,1405403694,141,NA,NA,NA,NA,"No"
216015,"Fifty Shades of Grey","2015-02-11",19.2739,5.869,12352,40000000,569651467,125,NA,NA,NA,NA,"No"
150540,"Inside Out","2015-06-17",19.0643,7.91,23384,175000000,857611174,95,NA,NA,NA,NA,"No"
292431,"Love","2015-07-15",17.2767,6.45,2652,3000000,249083,134,NA,NA,NA,NA,"No"
338803,"The Treacherous","2015-05-21",17.276,6.094,90,0,6906250,133,NA,NA,NA,NA,"No"
76341,"Mad Max: Fury Road","2015-05-13",14.8006,7.632,23996,150000000,378858340,121,NA,NA,NA,NA,"No"
150689,"Cinderella","2015-03-06",12.5494,6.823,7376,95000000,543514353,105,NA,NA,NA,NA,"No"
168259,"Furious 7","2015-04-01",12.4185,7.217,11243,190000000,1515400000,138,NA,NA,NA,NA,"No"
286217,"The Martian","2015-09-30",12.317,7.695,21114,108000000,631058917,141,NA,NA,NA,NA,"No"
273477,"Scouts Guide to the Zombie Apocalypse","2015-10-23",12.2056,6.571,2114,15000000,14900000,93,NA,NA,NA,NA,"No"
105864,"The Good Dinosaur","2015-11-14",12.0454,6.737,5953,175000000,332207671,93,NA,NA,NA,NA,"No"
140607,"Star Wars: The Force Awakens","2015-12-15",11.8537,7.25,20476,245000000,2068223624,136,NA,NA,NA,NA,"No"
257344,"Pixels","2015-07-16",10.9338,5.773,8011,88000000,244874809,106,NA,NA,NA,NA,"No"
257211,"The Intern","2015-09-23",10.8885,7.229,7291,35000000,194564672,121,NA,NA,NA,NA,"No"
273481,"Sicario","2015-09-17",10.0726,7.418,9500,30000000,84997446,122,NA,NA,NA,NA,"No"
207703,"Kingsman: The Secret Service","2015-01-24",10.0334,7.619,17758,81000000,414351546,129,NA,NA,NA,NA,"No"
87101,"Terminator Genisys","2015-06-23",10.0154,5.952,8937,155000000,440603537,126,NA,NA,NA,NA,"No"
135397,"Jurassic World","2015-06-06",9.5383,6.699,21508,150000000,1671537444,124,NA,NA,NA,NA,"No"
387848,"Buddy's Mom","2015-11-12",9.3522,5.7,15,0,0,101,NA,NA,NA,NA,"No"
323260,"The Gigolo","2015-01-29",9.0847,5.411,45,0,709136,97,NA,NA,NA,NA,"No"
198184,"Chappie","2015-03-04",9.043,6.788,8438,49000000,104399548,120,NA,NA,NA,NA,"No"
102899,"Ant-Man","2015-07-14",8.9554,7.1,20808,130000000,519311965,117,NA,NA,NA,NA,"No"
281957,"The Revenant","2015-12-25",8.8669,7.54,19242,135000000,532950503,157,NA,NA,NA,NA,"No"
294254,"Maze Runner: The Scorch Trials","2015-09-09",8.8319,6.729,10981,61000000,312296056,131,NA,NA,NA,NA,"No"
307081,"Southpaw","2015-07-22",8.4061,7.363,5790,30000000,91709827,123,NA,NA,NA,NA,"No"
177677,"Mission: Impossible - Rogue Nation","2015-07-28",8.0899,7.222,9674,150000000,682716636,131,NA,NA,NA,NA,"No"
262500,"Insurgent","2015-03-18",7.7085,6.359,10411,110000000,297002527,119,NA,NA,NA,NA,"No"
264660,"Ex Machina","2015-01-21",7.6387,7.574,14203,15000000,36869414,108,NA,NA,NA,NA,"No"
273248,"The Hateful Eight","2015-12-25",7.6217,7.756,15218,44000000,155760117,188,NA,NA,NA,NA,"No"
318846,"The Big Short","2015-12-11",7.5919,7.366,9802,28000000,133346506,131,NA,NA,NA,NA,"No"
228161,"Home","2015-03-18",7.5652,6.79,4204,135000000,368871007,94,NA,NA,NA,NA,"No"
76757,"Jupiter Ascending","2015-02-04",7.5093,5.462,7081,176000000,1.84e+08,127,NA,NA,NA,NA,"No"
312221,"Creed","2015-11-25",7.2717,7.404,7920,37000000,173600000,133,NA,NA,NA,NA,"No"
276907,"Legend","2015-09-09",7.2568,7.056,4254,25000000,42972994,132,NA,NA,NA,NA,"No"
158852,"Tomorrowland","2015-05-19",6.927,6.292,7336,190000000,209200000,130,NA,NA,NA,NA,"No"
206647,"Spectre","2015-10-26",6.8679,6.569,11203,245000000,880707597,148,NA,NA,NA,NA,"No"
270303,"It Follows","2015-02-04",6.5796,6.583,6879,2300000,23374076,101,NA,NA,NA,NA,"No"
167810,"Lost River","2015-04-08",6.4887,5.701,641,2000000,45431,95,NA,NA,NA,NA,"No"
159824,"Hotel Transylvania 2","2015-09-21",6.4869,6.764,6105,80000000,473200000,89,NA,NA,NA,NA,"No"
296099,"Vacation","2015-07-28",6.4287,6.305,3966,31000000,104400000,99,NA,NA,NA,NA,"No"
277217,"Descendants","2015-07-31",6.3935,7.153,2497,0,0,112,NA,NA,NA,NA,"No"
94365,"The Human Centipede 3 (Final Sequence)","2015-05-22",6.3932,3.766,848,0,16184,103,NA,NA,NA,NA,"No"
131634,"The Hunger Games: Mockingjay - Part 2","2015-11-18",6.3905,6.901,13303,160000000,653428261,137,NA,NA,NA,NA,"No"
166424,"Fantastic Four","2015-08-05",6.39,4.437,6382,120000000,167977596,100,NA,NA,NA,NA,"No"
375846,"Bad Sister","2015-08-24",6.2818,6.558,243,0,0,85,NA,NA,NA,NA,"No"
397469,"New Folder 2","2015-10-23",6.2592,5.1,5,0,0,88,NA,NA,NA,NA,"No"
254128,"San Andreas","2015-05-27",6.2063,6.243,8982,110000000,473990832,114,NA,NA,NA,NA,"No"
254320,"The Lobster","2015-10-15",6.0839,7.028,6860,4000000,15700000,119,NA,NA,NA,NA,"No"
228165,"The SpongeBob Movie: Sponge Out of Water","2015-01-28",6.0486,6.099,2518,74000000,325186032,93,NA,NA,NA,NA,"No"
254470,"Pitch Perfect 2","2015-05-07",6.0127,6.841,5507,29000000,287144079,115,NA,NA,NA,NA,"No"
263472,"Knock Knock","2015-06-26",5.9995,5.386,3463,10000000,6341684,99,NA,NA,NA,NA,"No"
293863,"The Age of Adaline","2015-04-16",5.9978,7.466,7075,25000000,65663276,112,NA,NA,NA,NA,"No"
238713,"Spy","2015-05-06",5.7934,6.833,6379,65000000,235666219,120,NA,NA,NA,NA,"No"
357096,"I Spit on Your Grave III: Vengeance Is Mine","2015-10-01",5.7299,5.779,1055,0,144420,91,NA,NA,NA,NA,"No"
398222,"Yongju Valley","2015-11-19",5.6813,4.8,5,0,0,94,NA,NA,NA,NA,"No"
211672,"Minions","2015-06-17",5.5944,6.419,11065,74000000,1159457503,91,NA,NA,NA,NA,"No"
295830,"Attack on Titan","2015-08-01",5.3762,6.102,825,0,30810658,98,NA,NA,NA,NA,"No"
201088,"Blackhat","2015-01-13",5.3294,5.518,2177,70000000,17752940,133,NA,NA,NA,NA,"No"
257445,"Goosebumps","2015-08-05",5.2983,6.312,3974,58000000,158952243,103,NA,NA,NA,NA,"No"
303857,"Dragon Ball Z: Resurrection 'F'","2015-04-18",5.2388,6.862,2004,5000000,61768190,93,NA,NA,NA,NA,"No"
280092,"Insidious: Chapter 3","2015-05-28",5.2212,6.284,3592,10000000,120453155,97,NA,NA,NA,NA,"No"
390845,"A Delicious Flight","2015-11-01",5.1543,4.407,70,0,0,97,NA,NA,NA,NA,"No"
314365,"Spotlight","2015-11-06",5.1314,7.815,8765,20000000,98690254,129,"2015(88th)","Spotlight","Blye Pagon Faust, Steve Golin, Nicole Rocklin, and Michael Sugar",2015,"Yes"
277216,"Straight Outta Compton","2015-08-11",5.129,7.774,4165,28000000,201634991,147,NA,NA,NA,NA,"No"
264644,"Room","2015-10-16",5.1167,8,9657,13000000,35401758,118,NA,NA,NA,NA,"No"
265208,"Wild Card","2015-01-14",5.1093,5.699,1931,30000000,6738764,92,NA,NA,NA,NA,"No"
238615,"Self/less","2015-07-10",5.0555,6.421,3290,26000000,31807156,117,NA,NA,NA,NA,"No"
335117,"Delicious Delivery","2015-04-02",5.0487,4.1,7,0,0,84,NA,NA,NA,NA,"No"
241251,"The Boy Next Door","2015-01-23",5.0225,4.925,2110,4000000,52425855,91,NA,NA,NA,NA,"No"
203801,"The Man from U.N.C.L.E.","2015-08-13",5.0001,7.077,6834,75000000,110045109,116,NA,NA,NA,NA,"No"
386716,"Young Mother 3","2015-09-03",4.9904,6,18,0,0,95,NA,NA,NA,NA,"No"
256591,"Focus","2015-02-25",4.9425,6.87,8261,50100000,153962963,105,NA,NA,NA,NA,"No"
296098,"Bridge of Spies","2015-10-15",4.9049,7.239,7256,40000000,165478348,141,NA,NA,NA,NA,"No"
249070,"Hitman: Agent 47","2015-08-20",4.7516,5.898,3277,35000000,81967450,96,NA,NA,NA,NA,"No"
340382,"Attack on Titan II: End of the World","2015-09-01",4.746,6.188,393,0,15187789,87,NA,NA,NA,NA,"No"
192141,"No Escape","2015-08-26",4.7162,6.9,2709,5000000,54400000,103,NA,NA,NA,NA,"No"
360784,"Hidden","2015-09-15",4.706,6.89,1143,0,0,83,NA,NA,NA,NA,"No"
316873,"Detective Conan: Sunflowers of Inferno","2015-04-18",4.669,6.116,134,0,52920296,113,NA,NA,NA,NA,"No"
321697,"Steve Jobs","2015-10-09",4.6371,6.776,4357,30000000,34400000,122,NA,NA,NA,NA,"No"
359364,"Human","2015-09-12",4.6186,8.427,309,15483821,0,191,NA,NA,NA,NA,"No"
298312,"The Visit","2015-09-10",4.543,6.324,5148,5000000,98450062,94,NA,NA,NA,NA,"No"
283445,"Sinister 2","2015-08-19",4.5328,5.892,2288,10000000,53329150,97,NA,NA,NA,NA,"No"
309809,"The Little Prince","2015-07-29",4.5222,7.615,2964,64000000,101281211,106,NA,NA,NA,NA,"No"
266294,"Sisters","2015-12-18",4.5142,5.957,1457,30000000,1.05e+08,118,NA,NA,NA,NA,"No"
258509,"Alvin and the Chipmunks: The Road Chip","2015-12-17",4.5074,6.032,1750,90000000,233755553,92,NA,NA,NA,NA,"No"
331576,"SPL 2: A Time for Consequences","2015-06-18",4.4974,6.928,279,0,0,120,NA,NA,NA,NA,"No"
271718,"Trainwreck","2015-07-17",4.473,5.787,2712,35000000,140795793,125,NA,NA,NA,NA,"No"
274167,"Daddy's Home","2015-12-25",4.426,6.298,3421,50000000,242786137,96,NA,NA,NA,NA,"No"
261023,"Black Mass","2015-09-17",4.4175,6.53,3583,53000000,99975678,123,NA,NA,NA,NA,"No"
257088,"Point Break","2015-12-03",4.4089,5.957,2431,105000000,133782481,114,NA,NA,NA,NA,"No"
253412,"Everest","2015-09-10",4.3958,6.827,5210,55000000,203427584,121,NA,NA,NA,NA,"No"
315465,"The Boy and the Beast","2015-07-11",4.3694,7.912,1597,0,49714378,119,NA,NA,NA,NA,"No"
324558,"X-Rated: The Greatest Adult Movies of All Time","2015-02-06",4.3606,6.415,195,0,0,94,NA,NA,NA,NA,"No"
274854,"The Last Witch Hunter","2015-10-21",4.355,6.015,3835,90000000,146936910,106,NA,NA,NA,NA,"No"
334074,"Survivor","2015-05-21",4.3096,5.688,1077,20000000,0,96,NA,NA,NA,NA,"No"
347201,"Boruto: Naruto the Movie","2015-08-07",4.2914,7.461,1655,0,38362448,95,NA,NA,NA,NA,"No"
227719,"Project Almanac","2015-01-28",4.2793,6.779,2834,12000000,33200000,106,NA,NA,NA,NA,"No"
399902,"Taboo: Forbidden Love","2015-09-03",4.2248,7,8,0,0,0,NA,NA,NA,NA,"No"
334535,"The Ticket","2016-10-09",33.6958,5.633,94,1200000,0,97,NA,NA,NA,NA,"No"
372058,"Your Name.","2016-08-26",25.9352,8.475,12470,7500000,405320132,106,NA,NA,NA,NA,"No"
269149,"Zootopia","2016-02-11",20.8045,7.76,18001,150000000,1025521689,109,NA,NA,NA,NA,"No"
290098,"The Handmaiden","2016-06-01",17.8842,8.2,4283,8575000,38600000,145,NA,NA,NA,NA,"No"
462183,"Wild Awakening","2016-10-23",17.2605,5.295,22,0,0,105,NA,NA,NA,NA,"No"
396535,"Train to Busan","2016-07-20",17.2302,7.748,8316,8500000,87547518,118,NA,NA,NA,NA,"No"
324786,"Hacksaw Ridge","2016-10-07",16.4061,8.19,14788,40000000,175302354,139,NA,NA,NA,NA,"No"
271110,"Captain America: Civil War","2016-04-27",15.4457,7.448,23954,250000000,1155046416,147,NA,NA,NA,NA,"No"
293660,"Deadpool","2016-02-09",14.9974,7.623,32647,58000000,782837347,108,NA,NA,NA,NA,"No"
296096,"Me Before You","2016-06-01",14.5946,7.917,13190,20000000,207945075,110,NA,NA,NA,NA,"No"
209112,"Batman v Superman: Dawn of Justice","2016-03-23",13.1404,5.994,18922,250000000,874362803,152,NA,NA,NA,NA,"No"
313369,"La La Land","2016-12-01",13.0907,7.897,18041,30000000,509183536,129,NA,NA,NA,NA,"No"
259693,"The Conjuring 2","2016-06-08",12.8198,7.292,9131,40000000,322819915,134,NA,NA,NA,NA,"No"
348893,"Boyka: Undisputed IV","2016-08-01",12.6894,7.173,1446,0,63500000,87,NA,NA,NA,NA,"No"
329865,"Arrival","2016-11-10",12.4369,7.625,19256,47000000,203388186,116,NA,NA,NA,NA,"No"
378064,"A Silent Voice: The Movie","2016-09-17",12.2679,8.385,4451,0,30819442,129,NA,NA,NA,NA,"No"
140300,"Kung Fu Panda 3","2016-01-23",11.3786,6.921,6546,145000000,521170825,95,NA,NA,NA,NA,"No"
381284,"Hidden Figures","2016-12-10",11.0254,8.039,10380,25000000,235957472,127,NA,NA,NA,NA,"No"
284052,"Doctor Strange","2016-10-25",10.7615,7.419,23362,180000000,676343174,115,NA,NA,NA,NA,"No"
343611,"Jack Reacher: Never Go Back","2016-10-19",10.3212,6.01,5308,60000000,162100000,118,NA,NA,NA,NA,"No"
330459,"Rogue One: A Star Wars Story","2016-12-14",10.2727,7.506,16338,200000000,1056057273,133,NA,NA,NA,NA,"No"
246655,"X-Men: Apocalypse","2016-05-18",10.0788,6.522,13730,178000000,543934787,144,NA,NA,NA,NA,"No"
259316,"Fantastic Beasts and Where to Find Them","2016-11-16",10.008,7.307,19644,180000000,809342332,133,NA,NA,NA,NA,"No"
259694,"How to Be Single","2016-02-08",9.8298,6.253,3352,38000000,112343513,110,NA,NA,NA,NA,"No"
291805,"Now You See Me 2","2016-06-02",9.6406,6.827,11532,120000000,334897606,129,NA,NA,NA,NA,"No"
335797,"Sing","2016-11-23",9.272,7.1,8403,75000000,634151679,108,NA,NA,NA,NA,"No"
302946,"The Accountant","2016-10-13",8.4538,7.133,7309,44000000,155160045,128,NA,NA,NA,NA,"No"
397243,"The Autopsy of Jane Doe","2016-12-21",8.399,6.8,4689,4000000,6170043,86,NA,NA,NA,NA,"No"
333484,"The Magnificent Seven","2016-09-14",8.27,6.486,6374,90000000,162400000,132,NA,NA,NA,NA,"No"
1201898,"Koku maro oppai: Kakimazerareta watashi","2016-12-23",8.161,0,0,0,0,70,NA,NA,NA,NA,"No"
334541,"Manchester by the Sea","2016-11-17",8.1456,7.555,6385,9000000,7.9e+07,138,NA,NA,NA,NA,"No"
310131,"The Witch","2016-02-19",7.9715,7.002,7606,4000000,40423945,92,NA,NA,NA,NA,"No"
290250,"The Nice Guys","2016-05-15",7.7378,7.128,8605,50000000,71261763,116,NA,NA,NA,NA,"No"
376867,"Moonlight","2016-10-21",7.6162,7.358,7511,4000000,65046687,111,"2016(89th)","Moonlight","Adele Romanski, Dede Gardner, and Jeremy Kleiner",2016,"Yes"
324668,"Jason Bourne","2016-07-27",7.549,6.377,6181,120000000,415484914,123,NA,NA,NA,NA,"No"
315011,"Shin Godzilla","2016-07-29",7.5465,7.219,1547,15000000,78053145,120,NA,NA,NA,NA,"No"
278154,"Ice Age: Collision Course","2016-06-23",7.5457,6.1,4858,105000000,408579038,95,NA,NA,NA,NA,"No"
278927,"The Jungle Book","2016-04-07",7.182,6.871,8472,175000000,966550600,106,NA,NA,NA,NA,"No"
308266,"War Dogs","2016-08-18",7.0969,6.941,5453,50000000,86234523,114,NA,NA,NA,NA,"No"
293670,"The Wailing","2016-05-12",7.0951,7.375,2032,10951000,49851770,156,NA,NA,NA,NA,"No"
418579,"Young Sister-In-Law","2016-09-27",7.0243,6,2,0,0,82,NA,NA,NA,NA,"No"
300671,"13 Hours: The Secret Soldiers of Benghazi","2016-01-14",7.0075,7.271,3920,50000000,69411370,144,NA,NA,NA,NA,"No"
651114,"Underwater","2016-09-24",6.9496,0,0,0,0,15,NA,NA,NA,NA,"No"
153518,"The Angry Birds Movie","2016-05-11",6.9318,6.258,3964,73000000,349779543,97,NA,NA,NA,NA,"No"
297761,"Suicide Squad","2016-08-03",6.9194,5.916,22041,175000000,749200054,122,NA,NA,NA,NA,"No"
283366,"Miss Peregrine's Home for Peculiar Children","2016-09-28",6.9173,6.837,10452,110000000,296482446,127,NA,NA,NA,NA,"No"
392144,"Calendar Girl","2016-04-07",6.7772,6.2,6,0,0,92,NA,NA,NA,NA,"No"
241259,"Alice Through the Looking Glass","2016-05-25",6.7292,6.562,6757,170000000,299457024,113,NA,NA,NA,NA,"No"
396352,"Melon Rainbow","2016-01-28",6.6607,4.9,14,0,0,28,NA,NA,NA,NA,"No"
278924,"Mechanic: Resurrection","2016-08-25",6.5638,6.041,3628,40000000,125729635,99,NA,NA,NA,NA,"No"
274870,"Passengers","2016-12-21",6.3905,6.953,14178,110000000,303144152,116,NA,NA,NA,NA,"No"
363676,"Sully","2016-09-07",6.3715,7.202,7687,60000000,240800000,96,NA,NA,NA,NA,"No"
47933,"Independence Day: Resurgence","2016-06-22",6.3649,5.356,6423,165000000,389681935,120,NA,NA,NA,NA,"No"
136799,"Trolls","2016-10-13",6.3036,6.628,3807,125000000,347337803,92,NA,NA,NA,NA,"No"
419116,"Russian Mom","2016-07-28",6.2824,5.5,26,0,0,89,NA,NA,NA,NA,"No"
223702,"Sausage Party","2016-07-11",6.258,5.754,7691,19000000,140705322,89,NA,NA,NA,NA,"No"
936913,"Pas à pas","2016-09-08",6.1693,0,0,0,0,5,NA,NA,NA,NA,"No"
205584,"Gods of Egypt","2016-02-25",6.1636,5.692,4338,140000000,150680864,127,NA,NA,NA,NA,"No"
333371,"10 Cloverfield Lane","2016-03-10",6.111,7.002,8633,15000000,110216998,104,NA,NA,NA,NA,"No"
258489,"The Legend of Tarzan","2016-06-29",5.9881,5.9,6494,180000000,356743061,109,NA,NA,NA,NA,"No"
334543,"Lion","2016-11-24",5.9816,8.039,6943,12000000,140312928,118,NA,NA,NA,NA,"No"
353069,"Mother's Day","2016-04-28",5.9784,5.984,1314,25000000,48782670,118,NA,NA,NA,NA,"No"
68735,"Warcraft","2016-05-25",5.9688,6.401,7228,160000000,433677183,123,NA,NA,NA,NA,"No"
299687,"The 5th Wave","2016-01-14",5.9568,5.936,5999,38000000,109906372,112,NA,NA,NA,NA,"No"
395000,"Young Mother 4","2016-04-28",5.83,4.5,12,0,0,83,NA,NA,NA,NA,"No"
127380,"Finding Dory","2016-06-16",5.7593,7.039,12620,200000000,1029266989,97,NA,NA,NA,NA,"No"
334533,"Captain Fantastic","2016-07-08",5.7473,7.889,6810,5000000,23123592,119,NA,NA,NA,NA,"No"
311324,"The Great Wall","2016-12-16",5.7322,6.027,5512,150000000,331957105,103,NA,NA,NA,NA,"No"
303991,"Demolition","2016-04-06",5.654,6.845,2484,10000000,4366460,101,NA,NA,NA,NA,"No"
374205,"One Piece Film: GOLD","2016-07-23",5.5845,7.23,530,0,66207073,120,NA,NA,NA,NA,"No"
302699,"Central Intelligence","2016-06-15",5.5177,6.414,6327,50000000,216972543,107,NA,NA,NA,NA,"No"
43074,"Ghostbusters","2016-07-14",5.5125,5.347,6759,144000000,229147509,117,NA,NA,NA,NA,"No"
457697,"XXXXXXX","2016-09-01",5.4687,6.9,8,0,0,13,NA,NA,NA,NA,"No"
300669,"Don't Breathe","2016-06-08",5.4483,7.014,7931,9900000,158906350,89,NA,NA,NA,NA,"No"
342473,"Ballerina","2016-12-14",5.4299,7.204,1981,30000000,109573511,89,NA,NA,NA,NA,"No"
408349,"My Neighbor's Wife","2016-07-28",5.3726,4.4,7,0,0,80,NA,NA,NA,NA,"No"
308531,"Teenage Mutant Ninja Turtles: Out of the Shadows","2016-05-30",5.3199,6.049,3775,135000000,245623848,112,NA,NA,NA,NA,"No"
207932,"Inferno","2016-10-13",5.3005,6.089,6616,75000000,220021259,122,NA,NA,NA,NA,"No"
318781,"Colonia","2016-02-12",5.2504,7.258,1984,14000000,3621046,106,NA,NA,NA,NA,"No"
283378,"Fallen","2016-11-10",5.1705,6.112,1667,0,0,91,NA,NA,NA,NA,"No"
360814,"Dangal","2016-12-21",5.1215,7.882,1143,10400000,3.11e+08,161,NA,NA,NA,NA,"No"
291870,"Dirty Grandpa","2016-01-20",5.0254,5.937,4574,11500000,94100000,102,NA,NA,NA,NA,"No"
188927,"Star Trek Beyond","2016-07-07",5.0208,6.783,7061,185000000,343471816,122,NA,NA,NA,NA,"No"
347647,"Traders","2016-03-11",5.0072,6.194,49,0,0,90,NA,NA,NA,NA,"No"
290595,"The Huntsman: Winter's War","2016-04-06",4.9751,6.285,5024,115000000,164989338,114,NA,NA,NA,NA,"No"
271969,"Ben-Hur","2016-08-17",4.9383,5.774,1780,100000000,94061311,125,NA,NA,NA,NA,"No"
372754,"Dou kyu sei – Classmates","2016-02-20",4.9362,8.284,437,0,1397526,61,NA,NA,NA,NA,"No"
310307,"The Founder","2016-11-24",4.8864,7.143,5370,15000000,24121245,115,NA,NA,NA,NA,"No"
262504,"Allegiant","2016-03-09",4.84,6.099,6952,110000000,179246868,120,NA,NA,NA,NA,"No"
267935,"The BFG","2016-06-01",4.8399,6.288,3612,140000000,195243411,117,NA,NA,NA,NA,"No"
390329,"Madly","2016-04-14",4.8369,4.9,11,0,0,105,NA,NA,NA,NA,"No"
471564,"The Couple's Sponsor","2016-09-09",4.7923,6,1,0,0,99,NA,NA,NA,NA,"No"
346685,"The Girl on the Train","2016-10-05",4.7613,6.441,6002,45000000,173200000,112,NA,NA,NA,NA,"No"
267860,"London Has Fallen","2016-03-02",4.7313,6.221,5080,60000000,205754447,99,NA,NA,NA,NA,"No"
345911,"Lights Out","2016-07-21",4.6844,6.368,4101,4900000,149368835,81,NA,NA,NA,NA,"No"
1083501,"Summer Dream","2016-10-09",4.6729,6.5,5,0,0,70,NA,NA,NA,NA,"No"
384345,"Doraemon: Nobita and the Birth of Japan","2016-03-05",4.656,6.842,73,0,58400000,104,NA,NA,NA,NA,"No"
445239,"Abu Shanab","2016-07-06",4.6535,6.2,15,0,0,114,NA,NA,NA,NA,"No"
416249,"Cold War II","2016-07-08",4.6367,6.316,122,0,103197501,110,NA,NA,NA,NA,"No"
374856,"Detective Conan: The Darkest Nightmare","2016-04-16",4.63,6.765,119,0,9953934,112,NA,NA,NA,NA,"No"
440249,"After Porn Ends 2","2017-03-28",83.2244,5.4,251,500000,0,90,NA,NA,NA,NA,"No"
441168,"From Straight A's to XXX","2017-02-11",53.4409,5.8,160,0,0,87,NA,NA,NA,NA,"No"
458293,"Michael Jackson: Searching for Neverland","2017-05-29",51.5834,6.5,111,2000000,0,102,NA,NA,NA,NA,"No"
181808,"Star Wars: The Last Jedi","2017-12-13",22.3463,6.753,16276,300000000,1334407706,152,NA,NA,NA,NA,"No"
315635,"Spider-Man: Homecoming","2017-07-05",21.7434,7.331,23090,175000000,880978185,133,NA,NA,NA,NA,"No"
335984,"Blade Runner 2049","2017-10-04",21.0922,7.592,15051,150000000,259239658,164,NA,NA,NA,NA,"No"
354912,"Coco","2017-10-27",17.8803,8.196,20884,175000000,814641172,105,NA,NA,NA,NA,"No"
346364,"It","2017-09-06",15.2872,7.24,20262,35000000,719766009,135,NA,NA,NA,NA,"No"
283995,"Guardians of the Galaxy Vol. 2","2017-04-19",15.0042,7.609,22857,200000000,863756051,137,NA,NA,NA,NA,"No"
263115,"Logan","2017-02-28",14.8313,7.819,20331,97000000,619021436,137,NA,NA,NA,NA,"No"
284053,"Thor: Ragnarok","2017-10-02",14.3703,7.581,21937,180000000,855301806,131,NA,NA,NA,NA,"No"
426889,"Le Clitoris","2017-08-24",13.0671,6.756,43,0,0,4,NA,NA,NA,NA,"No"
378236,"The Emoji Movie","2017-07-23",12.6179,5.391,3305,50000000,216909830,86,NA,NA,NA,NA,"No"
297762,"Wonder Woman","2017-05-30",12.3854,7.209,20858,149000000,823970682,141,NA,NA,NA,NA,"No"
47971,"xXx: Return of Xander Cage","2017-01-13",12.1818,6.133,9210,85000000,346118277,107,NA,NA,NA,NA,"No"
419430,"Get Out","2017-02-24",12.1796,7.622,18801,4500000,255407969,104,NA,NA,NA,NA,"No"
406997,"Wonder","2017-11-13",12.0361,8.107,8233,20000000,315025930,113,NA,NA,NA,NA,"No"
260514,"Cars 3","2017-06-15",11.9579,6.854,6351,175000000,383925276,102,NA,NA,NA,NA,"No"
321612,"Beauty and the Beast","2017-03-16",11.2717,6.968,15977,160000000,1266115964,129,NA,NA,NA,NA,"No"
324552,"John Wick: Chapter 2","2017-02-08",10.9502,7.337,14184,40000000,171539887,122,NA,NA,NA,NA,"No"
293167,"Kong: Skull Island","2017-03-08",10.5109,6.552,11096,185000000,566652812,118,NA,NA,NA,NA,"No"
126889,"Alien: Covenant","2017-05-09",9.8993,6.174,9373,97000000,240891763,122,NA,NA,NA,NA,"No"
374720,"Dunkirk","2017-07-19",9.8943,7.451,17511,150000000,549136737,107,NA,NA,NA,NA,"No"
381288,"Split","2017-01-19",9.8692,7.341,18275,9000000,278454358,117,NA,NA,NA,NA,"No"
316029,"The Greatest Showman","2017-12-20",9.627,7.859,10021,84000000,459066134,105,NA,NA,NA,NA,"No"
141052,"Justice League","2017-11-15",9.5351,6.071,13629,300000000,661326987,120,NA,NA,NA,NA,"No"
398818,"Call Me by Your Name","2017-10-01",9.4115,8.1,12718,3500000,43143046,132,NA,NA,NA,NA,"No"
339403,"Baby Driver","2017-06-28",9.2263,7.443,16777,34000000,226945087,113,NA,NA,NA,NA,"No"
370663,"Below Her Mouth","2017-02-10",9.1743,6.792,1277,0,33673,91,NA,NA,NA,NA,"No"
463252,"My Favorite Wedding","2017-06-24",9.0249,6.929,85,0,0,90,NA,NA,NA,NA,"No"
166426,"Pirates of the Caribbean: Dead Men Tell No Tales","2017-05-23",8.863,6.653,12752,230000000,795922298,129,NA,NA,NA,NA,"No"
438798,"The Prison","2017-03-23",8.5874,7,107,0,0,125,NA,NA,NA,NA,"No"
438657,"Mischievous Kiss the Movie Part 2: Campus","2017-01-27",8.4335,7.3,7,0,0,104,NA,NA,NA,NA,"No"
335988,"Transformers: The Last Knight","2017-06-16",8.244,6.05,6671,217000000,605425157,154,NA,NA,NA,NA,"No"
274857,"King Arthur: Legend of the Sword","2017-05-10",8.2275,6.555,6031,175000000,149175066,126,NA,NA,NA,NA,"No"
337339,"The Fate of the Furious","2017-04-12",7.9785,6.855,10783,250000000,1.236e+09,136,NA,NA,NA,NA,"No"
339846,"Baywatch","2017-05-25",7.9416,6.083,8478,69000000,177900000,116,NA,NA,NA,NA,"No"
282035,"The Mummy","2017-06-06",7.6647,5.516,7611,125000000,409231607,110,NA,NA,NA,NA,"No"
400928,"Gifted","2017-04-07",7.5616,7.996,5916,7000000,40300000,101,NA,NA,NA,NA,"No"
372782,"Manhunt","2017-11-19",7.3271,5.63,150,30000000,0,106,NA,NA,NA,NA,"No"
343668,"Kingsman: The Golden Circle","2017-09-20",7.2386,6.945,11098,104000000,410902662,141,NA,NA,NA,NA,"No"
281338,"War for the Planet of the Apes","2017-07-11",7.2283,7.218,9684,150000000,490719763,140,NA,NA,NA,NA,"No"
538751,"The Day of Swapping","2017-07-10",7.1907,5.8,16,0,0,81,NA,NA,NA,NA,"No"
353486,"Jumanji: Welcome to the Jungle","2017-12-09",7.0907,6.817,14428,90000000,995339117,119,NA,NA,NA,NA,"No"
397567,"Along with the Gods: The Two Worlds","2017-12-20",7.0594,8.032,1180,18300000,125983972,139,NA,NA,NA,NA,"No"
395992,"Life","2017-03-22",7.0337,6.452,7898,58000000,100541806,104,NA,NA,NA,NA,"No"
537971,"Mia","2017-12-17",7.0329,6.156,32,0,0,11,NA,NA,NA,NA,"No"
382597,"R.A.I.D. Special Unit","2017-02-01",7.0248,5.741,948,32400000,34598750,105,NA,NA,NA,NA,"No"
324849,"The Lego Batman Movie","2017-02-08",7.0173,7.24,5378,80000000,311950384,104,NA,NA,NA,NA,"No"
532794,"Sex Plate 17","2017-11-13",6.9236,6.192,13,0,0,121,NA,NA,NA,NA,"No"
337170,"American Made","2017-08-18",6.6354,6.903,4958,50000000,133511855,115,NA,NA,NA,NA,"No"
859630,"Corruption at a Summer Resort － Beautiful Married Woman Falls into Dark Desires","2017-11-20",6.619,0,0,0,0,110,NA,NA,NA,NA,"No"
364689,"Ferdinand","2017-12-09",6.4,7.213,3074,111000000,295038508,108,NA,NA,NA,NA,"No"
341174,"Fifty Shades Darker","2017-02-08",6.2909,6.471,7921,55000000,381545846,118,NA,NA,NA,NA,"No"
315837,"Ghost in the Shell","2017-03-29",6.2892,6.106,8539,110000000,169801921,107,NA,NA,NA,NA,"No"
399055,"The Shape of Water","2017-12-01",6.2324,7.237,12813,19500000,195300000,123,"2017(90th)","The Shape of Water","Guillermo del Toro and J. Miles Dale",2017,"Yes"
324852,"Despicable Me 3","2017-06-15",6.2157,6.466,7608,80000000,1034800131,90,NA,NA,NA,NA,"No"
434203,"Newness","2017-11-03",6.2154,6,624,10000000,0,112,NA,NA,NA,NA,"No"
339692,"Shot Caller","2017-07-07",6.0573,6.958,2216,0,0,121,NA,NA,NA,NA,"No"
411088,"The Invisible Guest","2017-01-06",5.9776,8.08,4945,4000000,3e+07,107,NA,NA,NA,NA,"No"
479718,"The Outlaws","2017-10-03",5.7692,7.662,534,5900000,52946454,121,NA,NA,NA,NA,"No"
483664,"PlayBoy (and the Gang of Cherry)","2017-08-31",5.7334,4.3,9,0,0,115,NA,NA,NA,NA,"No"
395834,"Wind River","2017-08-03",5.7046,7.437,5747,11000000,44998252,107,NA,NA,NA,NA,"No"
274855,"Geostorm","2017-10-12",5.6704,6.114,5144,120000000,221600160,109,NA,NA,NA,NA,"No"
482706,"Oligosaccharide The Movie","2017-06-15",5.6366,4.5,11,0,0,103,NA,NA,NA,NA,"No"
451156,"Infidelity in Suburbia","2017-02-25",5.5825,6.2,156,0,0,120,NA,NA,NA,NA,"No"
406990,"What Happened to Monday","2017-08-18",5.5474,7.148,6424,20000000,27975429,123,NA,NA,NA,NA,"No"
389015,"I, Tonya","2017-12-07",5.5158,7.5,6172,11000000,53900000,120,NA,NA,NA,NA,"No"
391713,"Lady Bird","2017-09-01",5.4381,7.251,8991,10000000,7.9e+07,94,NA,NA,NA,NA,"No"
339964,"Valerian and the City of a Thousand Planets","2017-07-19",5.341,6.631,7957,177200000,225973340,137,NA,NA,NA,NA,"No"
392044,"Murder on the Orient Express","2017-11-03",5.3283,6.708,10508,55000000,352800000,114,NA,NA,NA,NA,"No"
379149,"The Foreigner","2017-09-28",5.2934,6.972,2910,35000000,145374099,114,NA,NA,NA,NA,"No"
508081,"Young Mom","2017-02-28",5.243,4,4,0,0,80,NA,NA,NA,NA,"No"
513434,"One Cut of the Dead","2017-11-04",5.2428,7.629,969,52406,27590180,96,NA,NA,NA,NA,"No"
396422,"Annabelle: Creation","2017-08-03",5.2115,6.606,5965,15000000,306592201,110,NA,NA,NA,NA,"No"
353491,"The Dark Tower","2017-08-03",5.1956,5.792,5500,60000000,113231078,95,NA,NA,NA,NA,"No"
446354,"The Post","2017-12-22",5.1776,7.004,4896,50000000,179769467,116,NA,NA,NA,NA,"No"
400136,"Resident Evil: Vendetta","2017-05-27",5.1709,6.918,1079,0,256320,97,NA,NA,NA,NA,"No"
305470,"Power Rangers","2017-03-23",5.1697,6.249,4613,105000000,142300000,124,NA,NA,NA,NA,"No"
390043,"The Hitman's Bodyguard","2017-08-16",5.0538,6.894,6638,30000000,176586701,118,NA,NA,NA,NA,"No"
451997,"The Merciless","2017-05-17",5.0501,7.165,139,0,0,120,NA,NA,NA,NA,"No"
399404,"Darkest Hour","2017-11-22",5.0222,7.356,5505,30000000,150847207,125,NA,NA,NA,NA,"No"
415842,"American Assassin","2017-07-14",5.0026,6.421,3238,33000000,67200000,112,NA,NA,NA,NA,"No"
298250,"Jigsaw","2017-10-25",4.9543,6.215,3942,10000000,104223315,91,NA,NA,NA,NA,"No"
433808,"The Ritual","2017-10-11",4.9492,6.271,3396,1000000,1786396,94,NA,NA,NA,NA,"No"
396371,"Molly's Game","2017-12-07",4.9413,7.148,4005,30000000,59284015,141,NA,NA,NA,NA,"No"
345938,"The Shack","2017-03-02",4.9182,7.5,2239,20000000,96942115,132,NA,NA,NA,NA,"No"
395991,"Only the Brave","2017-09-22",4.9157,7.452,1847,38000000,25754775,133,NA,NA,NA,NA,"No"
453133,"My Brother's Wife 3: The Woman Downstairs","2017-01-14",4.8335,4.6,5,0,0,90,NA,NA,NA,NA,"No"
381283,"mother!","2017-09-13",4.7429,6.961,7072,30000000,44516999,121,NA,NA,NA,NA,"No"
435901,"About Love","2017-03-23",4.7401,5.4,32,2000000,182710,95,NA,NA,NA,NA,"No"
353616,"Pitch Perfect 3","2017-12-20",4.7368,6.508,3454,45000000,185400345,93,NA,NA,NA,NA,"No"
346648,"Paddington 2","2017-11-09",4.7273,7.476,2767,40000000,290132513,104,NA,NA,NA,NA,"No"
359940,"Three Billboards Outside Ebbing, Missouri","2017-12-01",4.7125,8.058,10858,15000000,162729321,115,NA,NA,NA,NA,"No"
393345,"Cult of Chucky","2017-10-12",4.7008,5.835,1402,6500000,2332018,91,NA,NA,NA,NA,"No"
482040,"Mom's Friend 3","2017-03-30",4.6975,5.2,5,0,0,81,NA,NA,NA,NA,"No"
447759,"Adult Only Institute","2017-03-14",4.6648,4.667,15,0,0,87,NA,NA,NA,NA,"No"
452558,"Paradox","2017-08-25",4.6537,6.725,207,0,0,101,NA,NA,NA,NA,"No"
437068,"A Taxi Driver","2017-08-02",4.6515,8.036,1152,12820005,81927980,138,NA,NA,NA,NA,"No"
464733,"Trafficked","2017-10-06",4.6491,6.6,95,0,0,104,NA,NA,NA,NA,"No"
299536,"Avengers: Infinity War","2018-04-25",45.3948,8.234,31845,300000000,2052415039,149,NA,NA,NA,NA,"No"
324857,"Spider-Man: Into the Spider-Verse","2018-12-06",20.2555,8.393,17143,90000000,394884133,117,NA,NA,NA,NA,"No"
337167,"Fifty Shades Freed","2018-01-17",17.5641,6.673,8329,55000000,371985018,105,NA,NA,NA,NA,"No"
333339,"Ready Player One","2018-03-28",16.4514,7.583,16817,175000000,607274134,140,NA,NA,NA,NA,"No"
284054,"Black Panther","2018-02-13",15.0834,7.362,23414,200000000,1349926083,135,NA,NA,NA,NA,"No"
383498,"Deadpool 2","2018-05-15",12.0546,7.49,19145,110000000,785896632,120,NA,NA,NA,NA,"No"
490132,"Green Book","2018-11-16",10.9418,8.223,12805,23000000,321752656,130,"2018(91st)","Green Book","Jim Burke, Charles B. Wessler, Brian Currie, Peter Farrelly, and Nick Vallelonga",2018,"Yes"
424694,"Bohemian Rhapsody","2018-10-24",10.8238,7.957,17723,52000000,910813521,135,NA,NA,NA,NA,"No"
335983,"Venom","2018-09-28",10.8224,6.825,17179,116000000,856085151,112,NA,NA,NA,NA,"No"
260513,"Incredibles 2","2018-06-14",10.302,7.451,13629,200000000,1243225667,118,NA,NA,NA,NA,"No"
351286,"Jurassic World: Fallen Kingdom","2018-06-06",10.2283,6.529,12706,170000000,1310469037,129,NA,NA,NA,NA,"No"
439079,"The Nun","2018-09-05",10.1424,5.902,7145,22000000,366082797,96,NA,NA,NA,NA,"No"
499191,"Call Boy","2018-04-06",10.1414,6.509,55,0,0,119,NA,NA,NA,NA,"No"
447332,"A Quiet Place","2018-04-03",10.1081,7.391,15280,17000000,340955294,91,NA,NA,NA,NA,"No"
493922,"Hereditary","2018-06-07",9.8467,7.293,8517,10000000,87796204,128,NA,NA,NA,NA,"No"
297802,"Aquaman","2018-12-07",9.7988,6.867,14867,160000000,1152028393,143,NA,NA,NA,NA,"No"
363088,"Ant-Man and the Wasp","2018-07-04",9.2124,6.904,14133,140000000,622674139,119,NA,NA,NA,NA,"No"
530254,"The Witch: Part 1. The Subversion","2018-06-27",8.3863,7.898,725,5500000,24340302,126,NA,NA,NA,NA,"No"
402900,"Ocean's Eight","2018-06-07",8.3683,6.959,8761,70000000,297718711,111,NA,NA,NA,NA,"No"
360920,"The Grinch","2018-11-08",8.3267,6.868,4422,75000000,552976825,85,NA,NA,NA,NA,"No"
532153,"Amazon Hot Box","2018-06-15",8.242,3.9,21,0,0,85,NA,NA,NA,NA,"No"
345940,"The Meg","2018-08-09",8.1901,6.246,8159,150000000,530517320,113,NA,NA,NA,NA,"No"
348350,"Solo: A Star Wars Story","2018-05-15",8.1885,6.557,9224,250000000,392952373,135,NA,NA,NA,NA,"No"
480530,"Creed II","2018-11-21",8.1155,7.027,5765,50000000,214200000,130,NA,NA,NA,NA,"No"
353081,"Mission: Impossible - Fallout","2018-07-25",7.994,7.448,9092,178000000,824171374,147,NA,NA,NA,NA,"No"
427641,"Rampage","2018-04-11",7.8516,6.446,7477,120000000,428028233,107,NA,NA,NA,NA,"No"
454983,"The Kissing Booth","2018-05-11",7.8452,7.163,7436,0,0,105,NA,NA,NA,NA,"No"
400535,"Sicario: Day of the Soldado","2018-06-27",7.8147,6.939,4010,35000000,75836683,122,NA,NA,NA,NA,"No"
404368,"Ralph Breaks the Internet","2018-11-20",7.8126,7.159,8067,175000000,529323962,112,NA,NA,NA,NA,"No"
737057,"Suspicious Practice Room: Special Treatment of Mother's Friend","2018-03-06",7.6963,3.75,4,0,0,63,NA,NA,NA,NA,"No"
345887,"The Equalizer 2","2018-07-19",7.5776,6.786,5939,62000000,190400157,121,NA,NA,NA,NA,"No"
336843,"Maze Runner: The Death Cure","2018-01-10",7.5374,7.082,8364,62000000,288418190,143,NA,NA,NA,NA,"No"
338970,"Tomb Raider","2018-03-05",7.5342,6.365,8324,94000000,274650803,118,NA,NA,NA,NA,"No"
400155,"Hotel Transylvania 3: Summer Vacation","2018-06-28",7.4669,6.851,4686,80000000,528600000,97,NA,NA,NA,NA,"No"
508642,"Gonjiam: Haunted Asylum","2018-03-28",7.0486,7.274,911,0,21041950,95,NA,NA,NA,NA,"No"
300668,"Annihilation","2018-02-22",7.0483,6.441,9320,40000000,43070915,115,NA,NA,NA,NA,"No"
420634,"Terrifier","2018-01-25",6.8554,6.3,2936,35000,421798,84,NA,NA,NA,NA,"No"
444000,"Love Sonia","2018-09-14",6.8518,7.194,31,0,0,126,NA,NA,NA,NA,"No"
399402,"Hunter Killer","2018-10-19",6.7621,6.901,2385,40000000,31672678,121,NA,NA,NA,NA,"No"
449443,"Den of Thieves","2018-01-18",6.7477,6.866,3379,30000000,80509622,140,NA,NA,NA,NA,"No"
401981,"Red Sparrow","2018-02-15",6.7027,6.534,6339,69000000,151572634,140,NA,NA,NA,NA,"No"
405774,"Bird Box","2018-12-13",6.588,6.825,10537,19800000,0,124,NA,NA,NA,NA,"No"
346910,"The Predator","2018-09-05",6.5674,5.623,5121,88000000,160542134,107,NA,NA,NA,NA,"No"
424783,"Bumblebee","2018-11-22",6.3244,6.717,6595,135000000,467989645,114,NA,NA,NA,NA,"No"
554776,"An Affair: My Sister-in-law's Love","2018-07-26",6.1194,4.9,9,0,0,73,NA,NA,NA,NA,"No"
419743,"Disobedience","2018-04-24",5.8778,6.889,1280,6000000,8e+06,114,NA,NA,NA,NA,"No"
268896,"Pacific Rim: Uprising","2018-03-21",5.6368,6.119,5302,150000000,290061297,111,NA,NA,NA,NA,"No"
491584,"Burning","2018-05-17",5.5847,7.377,1809,7280000,6591038,148,NA,NA,NA,NA,"No"
399174,"Isle of Dogs","2018-03-23",5.5702,7.848,5373,35000000,72991435,101,NA,NA,NA,NA,"No"
504056,"Big Brother","2018-08-16",5.5674,7.439,254,0,0,111,NA,NA,NA,NA,"No"
504253,"I Want to Eat Your Pancreas","2018-09-01",5.5271,8.225,1768,0,33748006,108,NA,NA,NA,NA,"No"
466282,"To All the Boys I've Loved Before","2018-08-17",5.4676,7.594,8700,0,0,100,NA,NA,NA,NA,"No"
513691,"The Debt Collector","2018-06-05",5.4467,5.782,245,3000000,28645,96,NA,NA,NA,NA,"No"
518068,"Along with the Gods: The Last 49 Days","2018-08-01",5.4424,8.034,745,18300000,112790210,141,NA,NA,NA,NA,"No"
429351,"12 Strong","2018-01-18",5.3992,6.357,3177,35000000,67450815,130,NA,NA,NA,NA,"No"
505262,"My Hero Academia: Two Heroes","2018-08-03",5.3603,7.88,1097,12000000,27507549,96,NA,NA,NA,NA,"No"
445571,"Game Night","2018-02-15",5.3149,6.846,6262,37000000,117501013,100,NA,NA,NA,NA,"No"
491418,"Instant Family","2018-11-13",5.2608,7.5,3218,48000000,1.21e+08,118,NA,NA,NA,NA,"No"
535954,"Ryan Gosling: Hollywood's Demigod","2018-07-15",5.2263,7,11,0,0,52,NA,NA,NA,NA,"No"
701919,"Mother's Friend 2","2018-09-13",5.1732,6,1,0,0,71,NA,NA,NA,NA,"No"
332562,"A Star Is Born","2018-10-03",5.1128,7.492,12205,36000000,436388866,136,NA,NA,NA,NA,"No"
440471,"Escape Plan 2: Hades","2018-06-05",5.1082,5.167,1550,20000000,17592626,93,NA,NA,NA,NA,"No"
428078,"Mortal Engines","2018-11-27",4.9712,6.199,5076,100000000,83869818,128,NA,NA,NA,NA,"No"
387592,"Early Man","2018-01-26",4.9379,6.141,871,50000000,53431158,89,NA,NA,NA,NA,"No"
407440,"Euphoria","2018-02-01",4.8876,6.289,140,0,0,104,NA,NA,NA,NA,"No"
500664,"Upgrade","2018-05-31",4.8401,7.506,4968,3000000,16976561,100,NA,NA,NA,NA,"No"
455207,"Crazy Rich Asians","2018-08-15",4.8252,7.051,3947,30000000,238539198,121,NA,NA,NA,NA,"No"
449176,"Love, Simon","2018-02-16",4.8114,7.974,6250,17000000,66316289,110,NA,NA,NA,NA,"No"
553512,"Burn the Stage: The Movie","2018-11-15",4.7794,8.35,430,0,0,85,NA,NA,NA,NA,"No"
406563,"Insidious: The Last Key","2018-01-03",4.7767,6.254,3122,10000000,172811971,103,NA,NA,NA,NA,"No"
417261,"Forever My Girl","2018-01-26",4.755,7.603,1373,3500000,16367326,108,NA,NA,NA,NA,"No"
300681,"Replicas","2018-10-25",4.7207,6.039,1473,30000000,8100000,107,NA,NA,NA,NA,"No"
463272,"Johnny English Strikes Again","2018-09-13",4.7161,6.277,2748,25000000,158972570,88,NA,NA,NA,NA,"No"
495925,"Doraemon: Nobita's Treasure Island","2018-03-03",4.6715,7.03,101,0,80900000,108,NA,NA,NA,NA,"No"
505192,"Shoplifters","2018-06-02",4.5809,7.839,2285,0,0,120,NA,NA,NA,NA,"No"
369972,"First Man","2018-10-10",4.5393,7.043,5636,70000000,105713218,141,NA,NA,NA,NA,"No"
395990,"Death Wish","2018-03-01",4.5318,6.227,2783,30000000,34017028,107,NA,NA,NA,NA,"No"
384521,"The Cloverfield Paradox","2018-02-04",4.5032,5.632,3544,45000000,0,102,NA,NA,NA,NA,"No"
450001,"Master Z: Ip Man Legacy","2018-12-20",4.4967,6.512,587,0,21832649,107,NA,NA,NA,NA,"No"
454227,"Outlaw King","2018-09-06",4.4703,6.836,1681,0,0,122,NA,NA,NA,NA,"No"
424139,"Halloween","2018-10-18",4.4604,6.565,5035,10000000,259939869,106,NA,NA,NA,NA,"No"
347375,"Mile 22","2018-08-16",4.4013,6.228,2402,35000000,66308758,94,NA,NA,NA,NA,"No"
499726,"MILF","2018-05-02",4.3879,5.701,596,0,1100000,96,NA,NA,NA,NA,"No"
407436,"Mowgli: Legend of the Jungle","2018-11-25",4.3785,6.476,2594,175000000,0,105,NA,NA,NA,NA,"No"
439015,"Slender Man","2018-05-17",4.3658,4.299,2146,10000000,51738549,93,NA,NA,NA,NA,"No"
543753,"High Society","2018-08-29",4.3608,5.5,59,0,4300000,119,NA,NA,NA,NA,"No"
700199,"Mom's Friend 4","2018-01-08",4.3536,6.071,7,0,0,77,NA,NA,NA,NA,"No"
530442,"My Teacher, My Obsession","2018-06-12",4.349,5,104,0,0,86,NA,NA,NA,NA,"No"
537190,"Rampant","2018-10-25",4.2889,6.777,229,0,0,122,NA,NA,NA,NA,"No"
338952,"Fantastic Beasts: The Crimes of Grindelwald","2018-11-14",4.2544,6.834,11434,200000000,654900000,134,NA,NA,NA,NA,"No"
528549,"Room Salon College Girls","2018-03-29",4.2418,6.7,3,0,0,72,NA,NA,NA,NA,"No"
446807,"The Girl in the Spider's Web","2018-10-25",4.2402,6.158,1503,43000000,35164920,115,NA,NA,NA,NA,"No"
518963,"Believer","2018-05-22",4.2025,7.203,187,0,0,123,NA,NA,NA,NA,"No"
375588,"Robin Hood","2018-11-03",4.1968,5.909,3135,100000000,86493046,116,NA,NA,NA,NA,"No"
451915,"Beautiful Boy","2018-10-12",4.1771,7.552,2845,25000000,31749905,121,NA,NA,NA,NA,"No"
442249,"The First Purge","2018-07-04",4.1634,6,4215,13000000,137056262,97,NA,NA,NA,NA,"No"
470044,"The Hate U Give","2018-10-19",4.1631,8.082,2214,23000000,34934009,133,NA,NA,NA,NA,"No"
476292,"Maquia: When the Promised Flower Blooms","2018-02-24",4.1462,8.148,702,0,4345395,115,NA,NA,NA,NA,"No"
458423,"Mamma Mia! Here We Go Again","2018-07-18",4.1345,7.079,3564,75000000,395607854,114,NA,NA,NA,NA,"No"
396461,"Under the Silver Lake","2018-08-08",4.1215,6.356,1588,8500000,2053469,139,NA,NA,NA,NA,"No"
496243,"Parasite","2019-05-30",37.4945,8.494,20541,11363000,257591776,133,"2019(92nd)","Parasite","Kwak Sin-ae and Bong Joon-ho",2019,"Yes"
299534,"Avengers: Endgame","2019-04-24",32.2595,8.234,27615,356000000,2799439100,181,NA,NA,NA,NA,"No"
567609,"Ready or Not","2019-08-21",26.1349,7.054,5348,6000000,57615777,96,NA,NA,NA,NA,"No"
623983,"Michael Jackson: Chase the Truth","2019-08-13",22.8393,7.038,26,0,0,59,NA,NA,NA,NA,"No"
429617,"Spider-Man: Far From Home","2019-06-28",17.8575,7.396,16887,160000000,1132723226,129,NA,NA,NA,NA,"No"
475557,"Joker","2019-10-01",16.915,8.125,27624,55000000,1078958629,122,NA,NA,NA,NA,"No"
933720,"Lion","2019-09-05",15.8696,6.5,23,0,0,7,NA,NA,NA,NA,"No"
412117,"The Secret Life of Pets 2","2019-05-24",15.723,6.945,3311,80000000,429434163,86,NA,NA,NA,NA,"No"
519465,"Queen of Hearts","2019-03-27",13.3492,6.9,374,19000000,0,127,NA,NA,NA,NA,"No"
373571,"Godzilla: King of the Monsters","2019-05-29",13.2976,6.687,6672,170000000,387300138,132,NA,NA,NA,NA,"No"
330457,"Frozen II","2019-11-20",13.1212,7.232,10252,150000000,1453683476,103,NA,NA,NA,NA,"No"
181812,"Star Wars: The Rise of Skywalker","2019-12-18",12.6071,6.272,10786,489900000,1074144248,142,NA,NA,NA,NA,"No"
301528,"Toy Story 4","2019-06-19",12.238,7.465,10470,175000000,1073841394,100,NA,NA,NA,NA,"No"
537915,"After","2019-04-11",12.1994,7.108,8507,14000000,69497587,106,NA,NA,NA,NA,"No"
420818,"The Lion King","2019-07-12",12.0287,7.098,10719,260000000,1662020819,118,NA,NA,NA,NA,"No"
466272,"Once Upon a Time... in Hollywood","2019-07-24",11.7893,7.421,14774,95000000,392105159,162,NA,NA,NA,NA,"No"
530385,"Midsommar","2019-07-03",11.5019,7.152,8017,9000000,48498408,147,NA,NA,NA,NA,"No"
546554,"Knives Out","2019-11-27",11.3818,7.84,13943,40000000,312897920,131,NA,NA,NA,NA,"No"
299537,"Captain Marvel","2019-03-06",11.277,6.783,16695,152000000,1131416446,124,NA,NA,NA,NA,"No"
420817,"Aladdin","2019-05-22",10.5283,7.085,10586,183000000,1054304000,127,NA,NA,NA,NA,"No"
530915,"1917","2019-12-25",10.2685,7.987,13476,100000000,446064352,119,NA,NA,NA,NA,"No"
166428,"How to Train Your Dragon: The Hidden World","2019-01-03",9.8657,7.751,7066,129000000,539987993,104,NA,NA,NA,NA,"No"
512200,"Jumanji: The Next Level","2019-12-04",9.5636,6.874,9316,125000000,801693929,123,NA,NA,NA,NA,"No"
458156,"John Wick: Chapter 3 - Parabellum","2019-05-15",9.4228,7.438,11665,55000000,328349908,131,NA,NA,NA,NA,"No"
384018,"Fast & Furious Presents: Hobbs & Shaw","2019-07-31",9.4186,6.831,7723,200000000,760098996,137,NA,NA,NA,NA,"No"
615453,"Ne Zha","2019-07-26",9.3709,7.888,848,22000000,742718496,110,NA,NA,NA,NA,"No"
484641,"Anna","2019-06-19",8.9774,6.715,2969,34000000,31626978,119,NA,NA,NA,NA,"No"
399579,"Alita: Battle Angel","2019-01-31",8.9211,7.245,9939,170000000,4.05e+08,122,NA,NA,NA,NA,"No"
359724,"Ford v Ferrari","2019-11-13",8.8805,8.006,8925,97600000,225508210,153,NA,NA,NA,NA,"No"
568160,"Weathering with You","2019-07-19",8.4257,7.98,2614,11100000,192729404,112,NA,NA,NA,NA,"No"
331482,"Little Women","2019-12-25",8.2712,7.854,6802,40000000,332103783,135,NA,NA,NA,NA,"No"
764339,"An Affair: My Wife's Friend 2","2019-08-09",7.903,7,2,0,0,69,NA,NA,NA,NA,"No"
320288,"Dark Phoenix","2019-06-05",7.8695,5.963,7046,200000000,252442974,114,NA,NA,NA,NA,"No"
474350,"It Chapter Two","2019-09-04",7.8148,6.838,9569,79000000,473123154,169,NA,NA,NA,NA,"No"
625976,"It Feels So Good","2019-08-23",7.7492,6.585,47,0,0,115,NA,NA,NA,NA,"No"
492188,"Marriage Story","2019-09-28",7.7039,7.733,7386,18000000,333686,137,NA,NA,NA,NA,"No"
287947,"Shazam!","2019-03-29",7.6521,6.978,10164,80000000,367799011,132,NA,NA,NA,NA,"No"
646315,"The Legendary Lighter","2019-10-29",7.627,5.8,5,0,0,109,NA,NA,NA,NA,"No"
620249,"The Legend of Hei","2019-08-27",7.5745,8.294,459,0,48045728,102,NA,NA,NA,NA,"No"
487616,"Curiosa","2019-04-03",7.5007,5.8,241,0,0,107,NA,NA,NA,NA,"No"
428045,"Iron Mask","2019-08-16",7.4655,6.1,542,49000000,8685794,121,NA,NA,NA,NA,"No"
454640,"The Angry Birds Movie 2","2019-08-02",7.3889,7.048,1868,65000000,137792047,97,NA,NA,NA,NA,"No"
420809,"Maleficent: Mistress of Evil","2019-10-16",7.3279,7.294,6460,185000000,491730089,119,NA,NA,NA,NA,"No"
527641,"Five Feet Apart","2019-03-14",7.2545,8.215,5902,7000000,92600000,116,NA,NA,NA,NA,"No"
398978,"The Irishman","2019-11-01",7.1633,7.575,7468,159000000,968853,209,NA,NA,NA,NA,"No"
290859,"Terminator: Dark Fate","2019-10-23",7.1499,6.416,5633,185000000,261119292,128,NA,NA,NA,NA,"No"
458723,"Us","2019-03-14",7.0567,6.9,8024,20000000,256071218,116,NA,NA,NA,NA,"No"
447404,"Pokémon Detective Pikachu","2019-05-03",7.0141,6.9,7322,150000000,450063166,105,NA,NA,NA,NA,"No"
531428,"Portrait of a Lady on Fire","2019-09-06",6.7635,8.096,2910,5740000,9923127,121,NA,NA,NA,NA,"No"
581528,"The Gangster, the Cop, the Devil","2019-05-15",6.7417,7.842,1439,6500000,25775371,110,NA,NA,NA,NA,"No"
483906,"Polar","2019-01-25",6.6691,6.361,2458,0,0,118,NA,NA,NA,NA,"No"
522938,"Rambo: Last Blood","2019-09-18",6.6643,6.526,4195,50000000,91500000,89,NA,NA,NA,NA,"No"
515001,"Jojo Rabbit","2019-10-18",6.6356,7.986,10358,14000000,82468705,108,NA,NA,NA,NA,"No"
531309,"Brightburn","2019-05-09",6.5982,6.15,3443,6000000,33224654,91,NA,NA,NA,NA,"No"
637920,"Miracle in Cell No. 7","2019-10-10",6.3226,8.252,4547,0,2.8e+07,132,NA,NA,NA,NA,"No"
587727,"Busty Girlfriend","2019-03-08",6.2261,7.3,35,0,0,71,NA,NA,NA,NA,"No"
450465,"Glass","2019-01-16",6.1097,6.665,9046,20000000,246999039,129,NA,NA,NA,NA,"No"
572154,"Rascal Does Not Dream of a Dreaming Girl","2019-06-15",5.9449,8.254,587,0,0,90,NA,NA,NA,NA,"No"
617569,"Youngest Aunt","2019-07-18",5.8659,8.5,2,0,0,70,NA,NA,NA,NA,"No"
423204,"Angel Has Fallen","2019-08-21",5.8392,6.598,3857,40000000,146661977,122,NA,NA,NA,NA,"No"
473033,"Uncut Gems","2019-08-30",5.7917,7.162,5346,19000000,50023780,136,NA,NA,NA,NA,"No"
503919,"The Lighthouse","2019-10-18",5.7837,7.476,5510,11000000,18262464,109,NA,NA,NA,NA,"No"
522162,"Midway","2019-11-06",5.7824,7.094,2698,100000000,127400000,138,NA,NA,NA,NA,"No"
657654,"Senior Couple and Exchange Sex","2019-12-23",5.7583,6.1,8,0,0,86,NA,NA,NA,NA,"No"
514999,"Murder Mystery","2019-05-25",5.7092,6.258,4776,24000000,0,97,NA,NA,NA,NA,"No"
740300,"Hedon","2019-04-09",5.6502,3,3,0,0,20,NA,NA,NA,NA,"No"
481084,"The Addams Family","2019-10-10",5.6417,6.602,2478,40000000,204394183,87,NA,NA,NA,NA,"No"
696026,"Nice Sister-In-Law","2019-06-05",5.5735,8,2,0,0,81,NA,NA,NA,NA,"No"
508965,"Klaus","2019-11-08",5.5247,8.222,4641,0,0,97,NA,NA,NA,NA,"No"
431693,"Spies in Disguise","2019-12-04",5.5118,7.556,2958,100000000,171616764,102,NA,NA,NA,NA,"No"
479455,"Men in Black: International","2019-06-12",5.4837,5.896,5322,110000000,253890701,115,NA,NA,NA,NA,"No"
619264,"The Platform","2019-11-08",5.4741,6.969,7777,1203235,1090116,95,NA,NA,NA,NA,"No"
509967,"6 Underground","2019-12-10",5.4621,6.335,5147,150000000,0,128,NA,NA,NA,NA,"No"
440762,"Jay and Silent Bob Reboot","2019-10-15",5.4353,5.675,598,10000000,1011305,105,NA,NA,NA,NA,"No"
480414,"The Curse of La Llorona","2019-04-17",5.415,5.653,2642,9000000,123233739,93,NA,NA,NA,NA,"No"
502292,"The Last Summer","2019-05-03",5.3516,6,1398,0,0,109,NA,NA,NA,NA,"No"
592350,"My Hero Academia: Heroes Rising","2019-12-20",5.3509,8.135,1268,0,30017163,104,NA,NA,NA,NA,"No"
502416,"Ma","2019-05-29",5.3468,5.827,2420,5000000,61220856,99,NA,NA,NA,NA,"No"
571055,"Down","2019-02-01",5.1735,6.825,252,0,0,82,NA,NA,NA,NA,"No"
499701,"Dora and the Lost City of Gold","2019-08-08",5.1246,6.63,1816,49000000,120600000,102,NA,NA,NA,NA,"No"
870270,"My Wife's Sister 3","2019-08-08",5.1199,5,1,0,0,71,NA,NA,NA,NA,"No"
629792,"The First Time 2","2019-08-08",5.0066,7,3,0,0,61,NA,NA,NA,NA,"No"
576004,"Porno","2019-06-28",4.9843,5.978,415,0,0,98,NA,NA,NA,NA,"No"
504608,"Rocketman","2019-05-17",4.9831,7.307,4972,40000000,167300000,121,NA,NA,NA,NA,"No"
581387,"Ashfall","2019-12-19",4.9828,6.838,625,17700000,61321941,128,NA,NA,NA,NA,"No"
506574,"Descendants 3","2019-08-02",4.902,7.672,1609,15000000,0,106,NA,NA,NA,NA,"No"
625450,"Tall Girl","2019-09-13",4.8676,6.28,1948,0,0,101,NA,NA,NA,NA,"No"
575824,"Men of Hard Skin","2019-06-20",4.8223,6,42,0,0,96,NA,NA,NA,NA,"No"
554596,"No manches, Frida 2: paraíso destruido","2019-03-15",4.8154,7.88,940,5000000,26500000,102,NA,NA,NA,NA,"No"
611291,"Bring the Soul: The Movie","2019-08-07",4.8137,8.312,458,0,12150259,105,NA,NA,NA,NA,"No"
338967,"Zombieland: Double Tap","2019-10-09",4.7942,6.901,6232,42000000,122810399,99,NA,NA,NA,NA,"No"
599975,"Countdown","2019-10-24",4.7228,6.205,2298,6500000,48021766,90,NA,NA,NA,NA,"No"
559969,"El Camino: A Breaking Bad Movie","2019-10-11",4.7193,7.045,5585,0,0,123,NA,NA,NA,NA,"No"
698438,"Swapping: Perfect Neighbor","2019-11-04",4.6941,5.8,58,0,0,71,NA,NA,NA,NA,"No"
458897,"Charlie's Angels","2019-11-14",4.6815,6.382,3136,48000000,73279888,118,NA,NA,NA,NA,"No"
399361,"Triple Frontier","2019-03-06",4.658,6.33,3519,115000000,0,125,NA,NA,NA,NA,"No"
504949,"The King","2019-10-11",4.6375,7.155,3550,0,0,140,NA,NA,NA,NA,"No"
521029,"Annabelle Comes Home","2019-06-26",4.5911,6.407,3824,27000000,231252591,106,NA,NA,NA,NA,"No"
575299,"Fidelity","2019-10-31",4.5503,6.66,329,0,0,82,NA,NA,NA,NA,"No"
536869,"Cats","2019-12-19",4.5476,4.101,1042,95000000,77276321,110,NA,NA,NA,NA,"No"
774444,"Cinematographer","2020-12-04",24.4093,0,0,0,0,83,NA,NA,NA,NA,"No"
577922,"Tenet","2020-08-22",13.3252,7.174,11048,205000000,365304105,150,NA,NA,NA,NA,"No"
677638,"We Bare Bears: The Movie","2020-06-30",13.0739,7.839,846,0,0,69,NA,NA,NA,NA,"No"
524047,"Greenland","2020-07-29",13.0548,7.126,5254,34000000,52300000,120,NA,NA,NA,NA,"No"
664767,"Mortal Kombat Legends: Scorpion's Revenge","2020-04-12",11.9546,8.1,1455,0,0,80,NA,NA,NA,NA,"No"
454626,"Sonic the Hedgehog","2020-02-12",11.8947,7.284,10365,85000000,319715683,99,NA,NA,NA,NA,"No"
508442,"Soul","2020-12-25",11.3297,8.093,11355,150000000,121977511,101,NA,NA,NA,NA,"No"
731249,"Crayon Shin-chan: Crash! Scribble Kingdom and Almost Four Heroes","2020-09-11",10.9674,7.4,18,0,1.1e+07,103,NA,NA,NA,NA,"No"
514847,"The Hunt","2020-03-11",10.3574,6.639,3608,14000000,12400979,90,NA,NA,NA,NA,"No"
635302,"Demon Slayer -Kimetsu no Yaiba- The Movie: Mugen Train","2020-10-16",10.1473,8.197,4464,15700000,523542183,117,NA,NA,NA,NA,"No"
38700,"Bad Boys for Life","2020-01-15",8.7188,7.116,8714,90000000,426505244,124,NA,NA,NA,NA,"No"
464052,"Wonder Woman 1984","2020-12-16",8.3308,6.367,9018,200000000,169601036,151,NA,NA,NA,NA,"No"
615677,"We Can Be Heroes","2020-12-25",8.1282,5.951,811,0,0,97,NA,NA,NA,NA,"No"
497582,"Enola Holmes","2020-09-23",7.9012,7.227,6525,21000000,0,123,NA,NA,NA,NA,"No"
613504,"After We Collided","2020-09-02",7.7458,7.2,5453,14000000,47990414,105,NA,NA,NA,NA,"No"
545609,"Extraction","2020-04-23",7.7196,7.291,6579,65000000,0,116,NA,NA,NA,NA,"No"
581392,"Peninsula","2020-07-15",7.6071,6.719,2568,17000000,42698327,115,NA,NA,NA,NA,"No"
337401,"Mulan","2020-09-04",7.4524,6.829,7023,200000000,69965374,115,NA,NA,NA,NA,"No"
652837,"Josee, the Tiger and the Fish","2020-12-25",7.4473,8.3,591,0,0,98,NA,NA,NA,NA,"No"
734367,"Pretty Young Sister","2020-08-14",7.3484,5,4,0,0,64,NA,NA,NA,NA,"No"
533514,"Violet Evergarden: The Movie","2020-09-18",7.3169,8.3,504,0,20339624,140,NA,NA,NA,NA,"No"
596161,"Let Him Go","2020-11-05",7.1596,6.837,802,21000000,7997460,114,NA,NA,NA,NA,"No"
715756,"Dangerous Drugs of Sex","2020-02-14",7.0153,6.446,37,0,0,89,NA,NA,NA,NA,"No"
522627,"The Gentlemen","2020-01-01",6.9288,7.663,6553,22000000,115171795,113,NA,NA,NA,NA,"No"
495764,"Birds of Prey (and the Fantabulous Emancipation of One Harley Quinn)","2020-02-05",6.757,6.878,10778,75000000,205537933,109,NA,NA,NA,NA,"No"
713607,"Mom's Friend 2020","2020-06-05",6.6814,2.5,2,0,0,61,NA,NA,NA,NA,"No"
854804,"Movida","2020-06-25",6.5948,0,0,0,0,68,NA,NA,NA,NA,"No"
529203,"The Croods: A New Age","2020-11-25",6.5547,7.442,4120,65000000,215905815,95,NA,NA,NA,NA,"No"
614696,"#Alive","2020-06-24",6.5132,7.208,2027,6300000,13416285,98,NA,NA,NA,NA,"No"
793602,"Favorite Concubine","2020-12-24",6.4541,5,2,0,0,81,NA,NA,NA,NA,"No"
448119,"Dolittle","2020-01-02",6.4449,6.576,3860,175000000,251410631,101,NA,NA,NA,NA,"No"
516486,"Greyhound","2020-07-09",6.3006,7.407,3282,50300000,0,92,NA,NA,NA,NA,"No"
852878,"Pretty Young Sister 3","2020-10-20",5.9291,4,1,0,0,64,NA,NA,NA,NA,"No"
570670,"The Invisible Man","2020-02-26",5.8383,7.092,6228,7000000,144492724,124,NA,NA,NA,NA,"No"
556678,"Emma.","2020-02-13",5.7641,7.016,1943,10000000,25200000,125,NA,NA,NA,NA,"No"
705559,"My Mother's Lovers","2020-05-29",5.6825,4.5,10,0,0,22,NA,NA,NA,NA,"No"
508439,"Onward","2020-02-29",5.6432,7.641,6545,200000000,141888276,102,NA,NA,NA,NA,"No"
667520,"A Whisker Away","2020-06-18",5.5971,7.9,1485,0,0,104,NA,NA,NA,NA,"No"
761053,"Gabriel's Inferno: Part III","2020-11-19",5.5568,8.341,1083,0,0,102,NA,NA,NA,NA,"No"
770156,"Lucy Shimmers and the Prince of Peace","2020-10-19",5.5208,8.367,358,0,0,87,NA,NA,NA,NA,"No"
547016,"The Old Guard","2020-07-09",5.4524,7.097,4784,70000000,0,125,NA,NA,NA,NA,"No"
446893,"Trolls World Tour","2020-03-11",5.4494,7.238,2261,90000000,49276818,91,NA,NA,NA,NA,"No"
531219,"Roald Dahl's The Witches","2020-10-26",5.3354,6.337,2976,0,29303571,104,NA,NA,NA,NA,"No"
441130,"Wolfwalkers","2020-10-26",5.3282,8.192,1368,12000000,1310720,102,NA,NA,NA,NA,"No"
443791,"Underwater","2020-01-08",5.2307,6.28,3432,50000000,40882928,95,NA,NA,NA,NA,"No"
660982,"American Pie Presents: Girls' Rules","2020-10-06",5.1027,6.1,708,0,0,95,NA,NA,NA,NA,"No"
655431,"Psycho-Pass 3: First Inspector","2020-03-27",5.0792,7.563,112,0,757096,137,NA,NA,NA,NA,"No"
581526,"Deliver Us from Evil","2020-08-05",4.9834,6.883,230,12000000,34662454,108,NA,NA,NA,NA,"No"
600354,"The Father","2020-12-23",4.9424,8.094,3609,6000000,21029340,97,NA,NA,NA,NA,"No"
630566,"Clouds","2020-10-09",4.9263,8.24,1048,0,0,121,NA,NA,NA,NA,"No"
664280,"David Attenborough: A Life on Our Planet","2020-09-28",4.9198,8.431,434,0,0,83,NA,NA,NA,NA,"No"
1229343,"Bikini Bar: Delicious Service","2020-11-26",4.9182,10,1,0,0,60,NA,NA,NA,NA,"No"
385103,"Scoob!","2020-07-08",4.8892,6.988,1802,90000000,28600000,94,NA,NA,NA,NA,"No"
758534,"Be Alive Just Like You","2020-12-04",4.876,5.8,4,0,0,91,NA,NA,NA,NA,"No"
632632,"Given","2020-08-22",4.8596,8.236,417,0,930363,60,NA,NA,NA,NA,"No"
514207,"Invasion","2020-02-27",4.8309,6.863,882,8819200,32104054,129,NA,NA,NA,NA,"No"
582014,"Promising Young Woman","2020-12-13",4.7587,7.392,3681,10000000,20379604,114,NA,NA,NA,NA,"No"
707610,"Bosomy Mom","2020-05-06",4.7561,6.063,16,0,0,69,NA,NA,NA,NA,"No"
549514,"Fatale","2020-12-18",4.7519,6.045,382,0,0,102,NA,NA,NA,NA,"No"
618344,"Justice League Dark: Apokolips War","2020-05-05",4.6621,8.199,1565,0,0,90,NA,NA,NA,NA,"No"
740966,"Pool Boy Nightmare","2020-09-07",4.6413,6.625,36,0,0,87,NA,NA,NA,NA,"No"
623491,"The Babysitter: Killer Queen","2020-09-10",4.5008,6.3,1826,0,0,101,NA,NA,NA,NA,"No"
573730,"Made in Abyss: Dawn of the Deep Soul","2020-01-17",4.4521,7.784,289,0,4971635,105,NA,NA,NA,NA,"No"
587792,"Palm Springs","2020-07-10",4.45,7.337,3658,5000000,1818417,90,NA,NA,NA,NA,"No"
481848,"The Call of the Wild","2020-02-19",4.3943,7.522,3928,109000000,111200000,100,NA,NA,NA,NA,"No"
458576,"Monster Hunter","2020-12-03",4.3883,6.517,3544,60000000,42145959,103,NA,NA,NA,NA,"No"
340102,"The New Mutants","2020-04-02",4.3409,6.08,3695,67000000,49169594,94,NA,NA,NA,NA,"No"
539885,"Ava","2020-07-02",4.3118,5.823,2741,0,2987741,96,NA,NA,NA,NA,"No"
628333,"Wild Mountain Thyme","2020-12-11",4.3033,5.256,207,0,0,102,NA,NA,NA,NA,"No"
719128,"Idol Sex: LA Korean Women","2020-06-18",4.2895,5.8,6,0,0,65,NA,NA,NA,NA,"No"
604822,"Vanguard","2020-01-22",4.2317,6.384,606,0,50866901,107,NA,NA,NA,NA,"No"
625568,"Unhinged","2020-07-16",4.1993,6.433,2503,33000000,39238300,90,NA,NA,NA,NA,"No"
583083,"The Kissing Booth 2","2020-07-24",4.1925,7.608,5129,0,0,132,NA,NA,NA,NA,"No"
590995,"The Craft: Legacy","2020-10-28",4.1793,6.095,894,18000000,2300000,94,NA,NA,NA,NA,"No"
590223,"Love and Monsters","2020-10-16",4.1761,7.269,4431,30000000,1122066,109,NA,NA,NA,NA,"No"
682153,"Doraemon: Nobita's New Dinosaur","2020-08-07",4.1161,7.384,56,0,34218525,111,NA,NA,NA,NA,"No"
546121,"Run","2020-11-20",4.1057,7.221,2863,0,5491510,90,NA,NA,NA,NA,"No"
400160,"The SpongeBob Movie: Sponge on the Run","2020-08-14",4.1043,7.403,2971,60000000,4810790,95,NA,NA,NA,NA,"No"
475430,"Artemis Fowl","2020-05-29",4.1012,5.527,1730,125000000,0,94,NA,NA,NA,NA,"No"
641167,"Men at Work: Miami","2020-01-30",3.9511,5.2,15,0,0,115,NA,NA,NA,NA,"No"
696374,"Gabriel's Inferno","2020-05-29",3.9214,8.38,2457,0,0,122,NA,NA,NA,NA,"No"
627725,"The Banker","2020-03-06",3.901,7.624,1101,0,0,120,NA,NA,NA,NA,"No"
719410,"Your Name Engraved Herein","2020-09-30",3.8743,7.87,293,0,0,115,NA,NA,NA,NA,"No"
338762,"Bloodshot","2020-03-05",3.8518,6.679,5237,42000000,39861118,110,NA,NA,NA,NA,"No"
575604,"The Call","2020-11-23",3.8356,7.486,964,0,0,112,NA,NA,NA,NA,"No"
603119,"The Silencing","2020-07-18",3.8226,6.425,785,0,0,93,NA,NA,NA,NA,"No"
505379,"Rebecca","2020-10-16",3.8138,6.306,1163,0,0,123,NA,NA,NA,NA,"No"
852363,"18 Year Old Model Rika's Fancy Walk","2020-09-28",3.807,5.1,5,0,0,63,NA,NA,NA,NA,"No"
702936,"Sniper: Assassin's End","2020-06-15",3.8066,6.247,245,0,68881,95,NA,NA,NA,NA,"No"
526702,"Black Beauty","2020-11-27",3.7918,8,353,0,0,110,NA,NA,NA,NA,"No"
499932,"The Devil All the Time","2020-09-11",3.7846,7.181,3638,0,0,138,NA,NA,NA,NA,"No"
571265,"Digimon Adventure: Last Evolution Kizuna","2020-02-21",3.7553,8.133,264,0,17361009,95,NA,NA,NA,NA,"No"
553604,"Honest Thief","2020-09-03",3.7498,6.482,1884,0,31220247,99,NA,NA,NA,NA,"No"
728754,"Stand by Me Doraemon 2","2020-11-20",3.6896,7.765,245,0,0,96,NA,NA,NA,NA,"No"
662708,"Pokémon the Movie: Secrets of the Jungle","2020-12-25",3.6642,7.171,199,0,21097921,101,NA,NA,NA,NA,"No"
554761,"Falling","2020-10-02",3.6367,6.443,209,0,9828,112,NA,NA,NA,NA,"No"
531876,"The Outpost","2020-06-24",3.6308,6.9,1156,18000000,2133452,123,NA,NA,NA,NA,"No"
539537,"Fantasy Island","2020-02-12",3.6291,5.76,2622,7000000,49447308,109,NA,NA,NA,NA,"No"
516632,"The Empty Man","2020-10-22",3.5866,6.172,993,16000000,4796993,137,NA,NA,NA,NA,"No"
740985,"Borat Subsequent Moviefilm: Delivery of Prodigious Bribe to American Regime for Make Benefit Once Glorious Nation of Kazakhstan","2020-10-23",3.5023,6.431,2839,0,0,96,NA,NA,NA,NA,"No"
744275,"After We Fell","2021-09-01",49.8103,7,2727,14000000,21753705,99,NA,NA,NA,NA,"No"
460465,"Mortal Kombat","2021-04-07",38.6852,7,6316,20000000,84426031,110,NA,NA,NA,NA,"No"
634649,"Spider-Man: No Way Home","2021-12-15",36.8942,7.933,21890,200000000,1921847111,148,NA,NA,NA,NA,"No"
438631,"Dune","2021-09-15",23.2481,7.78,14793,165000000,410668500,155,NA,NA,NA,NA,"No"
566525,"Shang-Chi and the Legend of the Ten Rings","2021-09-01",17.9123,7.494,10326,150000000,432243292,132,NA,NA,NA,NA,"No"
337404,"Cruella","2021-05-26",17.4481,7.97,10014,200000000,233503234,134,NA,NA,NA,NA,"No"
637649,"Wrath of Man","2021-04-22",16.9849,7.6,6050,40000000,103966489,119,NA,NA,NA,NA,"No"
615457,"Nobody","2021-03-18",14.5214,7.879,8267,16000000,57512470,91,NA,NA,NA,NA,"No"
791373,"Zack Snyder's Justice League","2021-03-18",14.1116,8.088,10762,70000000,0,242,NA,NA,NA,NA,"No"
645710,"The Voyeurs","2021-08-25",13.8613,6.508,1163,0,0,117,NA,NA,NA,NA,"No"
801335,"Girl in the Basement","2021-02-27",13.3996,7.562,849,0,0,88,NA,NA,NA,NA,"No"
436969,"The Suicide Squad","2021-07-28",13.2784,7.461,9536,185000000,168717425,132,NA,NA,NA,NA,"No"
497698,"Black Widow","2021-07-07",13.2032,7.168,11194,200000000,379751131,134,NA,NA,NA,NA,"No"
773543,"Fib the Truth","2021-09-09",12.932,5.772,90,0,0,89,NA,NA,NA,NA,"No"
550988,"Free Guy","2021-08-11",12.7132,7.45,9750,110000000,331526598,115,NA,NA,NA,NA,"No"
568124,"Encanto","2021-10-13",12.3489,7.569,10161,150000000,261292688,102,NA,NA,NA,NA,"No"
646380,"Don't Look Up","2021-12-08",11.7367,7.064,9284,75000000,791863,138,NA,NA,NA,NA,"No"
399566,"Godzilla vs. Kong","2021-03-24",11.6764,7.534,10589,200000000,470116094,114,NA,NA,NA,NA,"No"
588228,"The Tomorrow War","2021-09-03",11.4299,7.467,4070,200000000,14400000,138,NA,NA,NA,NA,"No"
810693,"Jujutsu Kaisen 0","2021-12-24",11.014,8.098,1718,0,195870885,105,NA,NA,NA,NA,"No"
438695,"Sing 2","2021-12-01",10.8139,7.832,4748,85000000,408402685,110,NA,NA,NA,NA,"No"
524434,"Eternals","2021-11-03",10.2223,6.773,9091,200000000,402064899,156,NA,NA,NA,NA,"No"
370172,"No Time to Die","2021-09-29",10.1061,7.339,7062,250000000,774153024,163,NA,NA,NA,NA,"No"
423108,"The Conjuring: The Devil Made Me Do It","2021-05-25",10.0817,7.355,6500,39000000,206444123,111,NA,NA,NA,NA,"No"
776503,"CODA","2021-08-13",9.308,7.891,2569,10000000,1905058,112,"2021[g](94th)","CODA","Philippe Rousselet, Fabrice Gianfermi, and Patrick Wachsberger",2021,"Yes"
580489,"Venom: Let There Be Carnage","2021-09-30",8.9441,6.745,11130,110000000,506863592,97,NA,NA,NA,NA,"No"
459151,"The Boss Baby: Family Business","2021-07-01",8.5544,7.3,2680,82000000,146745280,107,NA,NA,NA,NA,"No"
520763,"A Quiet Place Part II","2021-05-21",8.2263,7.433,7339,55000000,297372261,96,NA,NA,NA,NA,"No"
527774,"Raya and the Last Dragon","2021-03-03",8.1714,7.8,7250,100000000,130423032,107,NA,NA,NA,NA,"No"
508943,"Luca","2021-06-17",8.1543,7.783,8921,200000000,51074773,95,NA,NA,NA,NA,"No"
522402,"Finch","2021-11-04",7.9741,7.804,3922,2500000,0,116,NA,NA,NA,NA,"No"
763164,"Apex","2021-11-12",7.9705,5.15,607,0,0,93,NA,NA,NA,NA,"No"
476669,"The King's Man","2021-12-22",7.9322,6.712,5030,100000000,125897478,131,NA,NA,NA,NA,"No"
460458,"Resident Evil: Welcome to Raccoon City","2021-11-24",7.6778,5.935,2675,25000000,41914915,107,NA,NA,NA,NA,"No"
759297,"The Housemaid","2021-09-10",7.6164,5.425,53,0,0,114,NA,NA,NA,NA,"No"
589761,"Chernobyl: Abyss","2021-04-15",7.4581,6.226,569,9100000,6459306,136,NA,NA,NA,NA,"No"
841755,"Mortal Kombat Legends: Battle of the Realms","2021-08-30",7.4382,7.587,487,0,0,80,NA,NA,NA,NA,"No"
624860,"The Matrix Resurrections","2021-12-16",7.371,6.333,6430,190000000,156497322,148,NA,NA,NA,NA,"No"
581726,"Infinite","2021-09-09",7.3388,6.564,2125,0,0,106,NA,NA,NA,NA,"No"
852370,"Idol Seungha's R-Rated Film Shooting","2021-06-24",6.691,6.5,45,0,0,61,NA,NA,NA,NA,"No"
512195,"Red Notice","2021-11-04",6.6644,6.733,6398,160000000,178143,118,NA,NA,NA,NA,"No"
385128,"F9","2021-05-19",6.5619,7.007,7677,200000000,726229501,143,NA,NA,NA,NA,"No"
283566,"Evangelion: 3.0+1.0 Thrice Upon a Time","2021-03-08",6.3737,8.2,939,29700000,93882453,155,NA,NA,NA,NA,"No"
776797,"The Sadness","2021-01-22",6.2963,6.819,1100,0,0,100,NA,NA,NA,NA,"No"
454527,"Benedetta","2021-07-09",6.2237,6.6,1144,24350000,2652725,131,NA,NA,NA,NA,"No"
630586,"Wrong Turn","2021-01-26",6.1447,5.944,1307,0,4829926,110,NA,NA,NA,NA,"No"
451048,"Jungle Cruise","2021-07-28",6.0716,7.295,6142,200000000,220889446,127,NA,NA,NA,NA,"No"
893694,"Eva","2021-12-24",5.9854,5.208,24,0,0,95,NA,NA,NA,NA,"No"
631843,"Old","2021-07-21",5.9505,6.322,4852,18000000,90146510,108,NA,NA,NA,NA,"No"
578701,"Those Who Wish Me Dead","2021-05-05",5.8904,6.61,1820,20000000,23384502,100,NA,NA,NA,NA,"No"
379686,"Space Jam: A New Legacy","2021-07-08",5.8005,6.639,4209,150000000,163692228,115,NA,NA,NA,NA,"No"
745881,"The Medium","2021-07-14",5.6629,6.999,739,0,7230000,131,NA,NA,NA,NA,"No"
425909,"Ghostbusters: Afterlife","2021-11-18",5.6498,7.325,5120,75000000,204445747,124,NA,NA,NA,NA,"No"
927611,"Dangerous Relationship: Professor and Female College Student","2021-04-01",5.4658,6,2,0,0,71,NA,NA,NA,NA,"No"
662638,"Detective Conan: The Scarlet Bullet","2021-04-16",5.4348,6.455,99,0,95371578,110,NA,NA,NA,NA,"No"
685274,"Mobile Suit Gundam Hathaway","2021-06-11",5.4231,7.214,145,0,18731309,96,NA,NA,NA,NA,"No"
911835,"Aunt","2021-07-28",5.4219,7.5,2,0,0,96,NA,NA,NA,NA,"No"
792237,"Cam Girls","2021-11-25",5.3537,6.357,49,0,0,85,NA,NA,NA,NA,"No"
597208,"Nightmare Alley","2021-12-02",5.2971,6.954,3342,60000000,39629195,151,NA,NA,NA,NA,"No"
592695,"Pleasure","2021-10-08",5.2567,6.277,783,1800000,393824,108,NA,NA,NA,NA,"No"
602063,"Rurouni Kenshin: The Final","2021-04-23",5.2327,7.68,545,0,33457923,138,NA,NA,NA,NA,"No"
587807,"Tom & Jerry","2021-02-10",5.2277,6.734,2569,50000000,136536687,101,NA,NA,NA,NA,"No"
501929,"The Mitchells vs. the Machines","2021-04-22",5.2258,7.845,3326,75000000,0,114,NA,NA,NA,NA,"No"
503736,"Army of the Dead","2021-05-14",5.2162,6.206,4384,90000000,190700000,148,NA,NA,NA,NA,"No"
672322,"Rurouni Kenshin: The Beginning","2021-06-04",5.1932,7.6,540,0,0,138,NA,NA,NA,NA,"No"
675445,"PAW Patrol: The Movie","2021-08-09",5.1864,7.328,1267,26000000,144327371,86,NA,NA,NA,NA,"No"
718032,"Licorice Pizza","2021-11-26",5.1465,6.958,2631,40000000,33276075,133,NA,NA,NA,NA,"No"
645886,"The Unforgivable","2021-11-24",5.1453,7.41,2031,0,0,112,NA,NA,NA,NA,"No"
776305,"Belle","2021-07-16",4.9975,7.6,872,0,63501160,121,NA,NA,NA,NA,"No"
602223,"The Forever Purge","2021-06-30",4.983,6.876,2665,18000000,76994245,103,NA,NA,NA,NA,"No"
921711,"Tamil Rockers","2021-12-31",4.9591,5.333,3,0,0,98,NA,NA,NA,NA,"No"
768744,"My Hero Academia: World Heroes' Mission","2021-08-06",4.9364,7.584,619,0,46940541,105,NA,NA,NA,NA,"No"
581644,"The Misfits","2021-06-03",4.9045,5.449,509,0,0,94,NA,NA,NA,NA,"No"
617653,"The Last Duel","2021-10-13",4.8454,7.409,3832,100000000,30552111,153,NA,NA,NA,NA,"No"
644495,"House of Gucci","2021-11-24",4.8093,6.567,3424,75000000,153235995,158,NA,NA,NA,NA,"No"
513310,"Boss Level","2021-02-19",4.7829,6.868,1900,45000000,2e+06,101,NA,NA,NA,NA,"No"
542178,"The French Dispatch of the Liberty, Kansas Evening Sun","2021-10-21",4.7569,7.012,2951,25000000,46333545,108,NA,NA,NA,NA,"No"
458220,"Palmer","2021-01-28",4.7078,8.114,1894,0,0,110,NA,NA,NA,NA,"No"
634528,"The Marksman","2021-01-15",4.7062,6.786,1730,23000000,23076711,108,NA,NA,NA,NA,"No"
602269,"The Little Things","2021-01-28",4.6919,6.346,2813,30000000,29942746,128,NA,NA,NA,NA,"No"
550205,"Wish Dragon","2021-01-15",4.6181,7.835,1470,0,25860000,99,NA,NA,NA,NA,"No"
761898,"Sword Art Online the Movie - Progressive - Aria of a Starless Night","2021-10-30",4.5968,7.861,330,0,14037060,97,NA,NA,NA,NA,"No"
614917,"King Richard","2021-11-18",4.5964,7.602,2838,50000000,39400000,144,NA,NA,NA,NA,"No"
796499,"Army of Thieves","2021-10-29",4.5746,6.803,2265,30000000,46900000,128,NA,NA,NA,NA,"No"
482321,"Ron's Gone Wrong","2021-10-14",4.515,7.857,2003,0,60692022,107,NA,NA,NA,NA,"No"
593910,"Cinderella","2021-09-03",4.4945,6.33,1467,0,42494,112,NA,NA,NA,NA,"No"
576845,"Last Night in Soho","2021-10-21",4.4802,7.276,3839,43000000,22957625,117,NA,NA,NA,NA,"No"
602734,"Spiral: From the Book of Saw","2021-05-12",4.4774,5.902,2265,20000000,40618920,93,NA,NA,NA,NA,"No"
663558,"New Gods: Nezha Reborn","2021-02-06",4.4766,8.056,510,0,7e+07,117,NA,NA,NA,NA,"No"
667257,"Impossible Things","2021-06-17",4.4326,8.395,422,0,0,88,NA,NA,NA,NA,"No"
522931,"Hitman's Wife's Bodyguard","2021-06-14",4.4121,6.648,2572,70000000,70060492,117,NA,NA,NA,NA,"No"
646207,"The Ice Road","2021-06-24",4.3853,6.759,1902,40000000,7502846,108,NA,NA,NA,NA,"No"
567189,"Tom Clancy's Without Remorse","2021-04-30",4.3676,6.934,2687,0,0,110,NA,NA,NA,NA,"No"
660120,"The Worst Person in the World","2021-10-13",4.3608,7.438,1814,5000000,12687507,128,NA,NA,NA,NA,"No"
601666,"I Care a Lot","2021-02-19",4.3244,6.574,2963,0,0,119,NA,NA,NA,NA,"No"
576784,"Upon the Magic Roads","2021-02-18",4.3185,6.796,312,8020000,0,100,NA,NA,NA,NA,"No"
610253,"Halloween Kills","2021-10-14",4.2735,6.415,2890,20000000,133423964,105,NA,NA,NA,NA,"No"
795564,"Crayon Shin-chan: Shrouded in Mystery! The Flowers of Tenkazu Academy","2021-04-23",4.2678,7.597,31,2550000,0,104,NA,NA,NA,NA,"No"
853376,"Villa Maids","2021-05-21",4.2041,2.5,2,0,0,82,NA,NA,NA,NA,"No"
611408,"Do You Do You Saint-Tropez","2021-07-14",4.1448,5,203,16438275,1453459,89,NA,NA,NA,NA,"No"
799876,"The Outfit","2022-02-25",35.7703,7.083,1339,5000000,4e+06,105,NA,NA,NA,NA,"No"
967998,"Fatal Conspiracy","2022-05-26",34.9746,7,3,0,0,0,NA,NA,NA,NA,"No"
361743,"Top Gun: Maverick","2022-05-21",29.7091,8.152,10835,170000000,1488732821,131,NA,NA,NA,NA,"No"
76600,"Avatar: The Way of Water","2022-12-14",21.5648,7.59,14041,350000000,2353096253,192,NA,NA,NA,NA,"No"
414906,"The Batman","2022-03-01",19.0033,7.66,11856,185000000,772775278,177,NA,NA,NA,NA,"No"
453395,"Doctor Strange in the Multiverse of Madness","2022-05-04",16.8897,7.225,10259,290000000,955775804,126,NA,NA,NA,NA,"No"
505642,"Black Panther: Wakanda Forever","2022-11-09",15.8244,7.004,7424,250000000,859102154,162,NA,NA,NA,NA,"No"
436270,"Black Adam","2022-10-19",15.036,6.811,6986,200000000,393452111,125,NA,NA,NA,NA,"No"
508947,"Turning Red","2022-03-10",14.983,7.318,5758,0,21813358,100,NA,NA,NA,NA,"No"
315162,"Puss in Boots: The Last Wish","2022-12-07",14.3137,8.2,8762,90000000,484700000,103,NA,NA,NA,NA,"No"
766507,"Prey","2022-08-02",14.2933,7.659,7670,65000000,0,100,NA,NA,NA,NA,"No"
963261,"Son's Girlfriend, Daddy's Girlfriend 2","2022-04-01",12.6328,4,2,0,0,70,NA,NA,NA,NA,"No"
507086,"Jurassic World Dominion","2022-06-01",12.4929,6.601,7006,465000000,1004004592,147,NA,NA,NA,NA,"No"
619979,"Deep Water","2022-03-17",12.4406,5.821,1626,49000000,0,116,NA,NA,NA,NA,"No"
851644,"20th Century Girl","2022-10-06",12.4333,8.149,810,119,0,119,NA,NA,NA,NA,"No"
698508,"Redeeming Love","2022-01-21",11.9315,7.829,738,30000000,9464198,134,NA,NA,NA,NA,"No"
616037,"Thor: Love and Thunder","2022-07-06",11.5849,6.37,8520,250000000,760928081,119,NA,NA,NA,NA,"No"
985939,"Fall","2022-08-11",11.5238,7.107,4491,3000000,17363261,107,NA,NA,NA,NA,"No"
615777,"Babylon","2022-12-22",11.4521,7.4,3747,78000000,65267446,189,NA,NA,NA,NA,"No"
545611,"Everything Everywhere All at Once","2022-03-24",11.2409,7.721,7883,25000000,139200000,140,"2022(95th)","Everything Everywhere All at Once","Daniel Kwan, Daniel Scheinert, and Jonathan Wang",2022,"Yes"
585511,"Luck","2022-08-05",10.8546,7.723,1941,0,0,105,NA,NA,NA,NA,"No"
718930,"Bullet Train","2022-08-03",10.7966,7.413,7469,90000000,239268602,126,NA,NA,NA,NA,"No"
675353,"Sonic the Hedgehog 2","2022-03-30",10.7738,7.432,5843,110000000,405421518,123,NA,NA,NA,NA,"No"
948116,"Sugarlove","2022-04-13",10.6592,4.375,8,0,0,93,NA,NA,NA,NA,"No"
1022256,"Selena Gomez: My Mind & Me","2022-11-04",10.6417,8.497,590,0,0,95,NA,NA,NA,NA,"No"
335787,"Uncharted","2022-02-10",10.5714,6.865,6744,120000000,407141258,116,NA,NA,NA,NA,"No"
760104,"X","2022-03-17",9.9915,6.718,3923,1000000,15113105,106,NA,NA,NA,NA,"No"
593643,"The Menu","2022-11-17",9.8166,7.173,6131,35000000,79628200,107,NA,NA,NA,NA,"No"
646385,"Scream","2022-01-12",9.649,6.686,3845,24000000,138874789,114,NA,NA,NA,NA,"No"
615173,"The Witch Part 2 - The Other One","2022-06-15",9.4631,7.371,437,0,23068596,137,NA,NA,NA,NA,"No"
438148,"Minions: The Rise of Gru","2022-06-29",9.3285,7.271,3996,85000000,940203765,87,NA,NA,NA,NA,"No"
916224,"Suzume","2022-11-11",8.9851,7.881,1714,13000000,314992206,122,NA,NA,NA,NA,"No"
585083,"Hotel Transylvania: Transformania","2022-01-31",8.8769,7.036,3004,75000000,18500000,92,NA,NA,NA,NA,"No"
1015606,"Obi-Wan Kenobi: A Jedi's Return","2022-09-07",8.7753,6.79,1011,0,0,60,NA,NA,NA,NA,"No"
629542,"The Bad Guys","2022-03-17",8.5406,7.525,2531,80000000,250162278,100,NA,NA,NA,NA,"No"
725201,"The Gray Man","2022-07-13",8.3431,6.901,4200,200000000,454023,128,NA,NA,NA,NA,"No"
818647,"Through My Window","2022-02-04",8.2913,7.349,3329,0,0,112,NA,NA,NA,NA,"No"
579974,"RRR","2022-03-24",8.2689,7.713,1580,69000000,1.6e+08,187,NA,NA,NA,NA,"No"
840326,"Sisu","2022-09-09",8.2384,7.409,2805,6600000,14281199,91,NA,NA,NA,NA,"No"
779782,"The School for Good and Evil","2022-10-19",8.1165,7,1372,0,0,149,NA,NA,NA,NA,"No"
846433,"The Enforcer","2022-09-22",8.0383,7.022,488,1261569,0,91,NA,NA,NA,NA,"No"
619803,"The Roundup 2","2022-05-18",7.8735,7.333,422,7600000,101166707,106,NA,NA,NA,NA,"No"
882598,"Smile","2022-09-23",7.8179,6.667,4019,17000000,217408513,115,NA,NA,NA,NA,"No"
937278,"A Man Called Otto","2022-12-28",7.7783,7.75,3555,50000000,113360085,126,NA,NA,NA,NA,"No"
762975,"Purple Hearts","2022-07-29",7.7723,8.044,2858,0,0,122,NA,NA,NA,NA,"No"
338953,"Fantastic Beasts: The Secrets of Dumbledore","2022-04-06",7.7103,6.627,5066,200000000,407200000,142,NA,NA,NA,NA,"No"
913290,"Barbarian","2022-09-08",7.5515,6.848,3188,4500000,45400000,103,NA,NA,NA,NA,"No"
661374,"Glass Onion: A Knives Out Mystery","2022-11-23",7.4894,7.032,6768,40000000,1.5e+07,140,NA,NA,NA,NA,"No"
756999,"The Black Phone","2022-06-16",7.3672,7.527,5792,16000000,161441914,103,NA,NA,NA,NA,"No"
614934,"Elvis","2022-06-22",7.3407,7.462,3860,85000000,288670284,159,NA,NA,NA,NA,"No"
1010820,"Groot's Pursuit","2022-08-10",7.3127,7.1,281,0,0,6,NA,NA,NA,NA,"No"
799379,"Project Wolf Hunting","2022-09-21",7.2535,6.439,438,9000000,20541,122,NA,NA,NA,NA,"No"
762504,"Nope","2022-07-20",7.2236,6.822,4839,68000000,171932082,130,NA,NA,NA,NA,"No"
601796,"Alienoid","2022-07-20",7.2175,6.775,516,24500000,12109608,142,NA,NA,NA,NA,"No"
505026,"Death on the Nile","2022-02-09",7.1356,6.413,4166,90000000,137307235,127,NA,NA,NA,NA,"No"
820067,"The Quintessential Quintuplets Movie","2022-05-20",6.88,8.279,439,0,17288993,136,NA,NA,NA,NA,"No"
696806,"The Adam Project","2022-03-11",6.8754,6.987,4903,116000000,0,104,NA,NA,NA,NA,"No"
743814,"Serve the People","2022-02-23",6.843,6.49,50,0,547758,146,NA,NA,NA,NA,"No"
900667,"One Piece Film Red","2022-08-06",6.8185,7.2,1120,0,171315305,115,NA,NA,NA,NA,"No"
663712,"Terrifier 2","2022-10-06",6.7904,6.668,2473,250000,15741780,138,NA,NA,NA,NA,"No"
705996,"Decision to Leave","2022-06-29",6.7838,7.319,1487,0,16914773,139,NA,NA,NA,NA,"No"
899294,"Frank and Penelope","2022-06-03",6.749,7.285,121,0,0,112,NA,NA,NA,NA,"No"
49046,"All Quiet on the Western Front","2022-10-07",6.6879,7.719,4633,20000000,0,147,NA,NA,NA,NA,"No"
760741,"Beast","2022-08-11",6.6804,6.546,1735,0,5.6e+07,92,NA,NA,NA,NA,"No"
744276,"After Ever Happy","2022-08-24",6.6798,6.769,1364,14000000,19238073,95,NA,NA,NA,NA,"No"
928358,"Grand Jete","2022-09-20",6.6588,4.936,47,0,0,105,NA,NA,NA,NA,"No"
949423,"Pearl","2022-09-16",6.6428,7.234,2540,1000000,10139416,102,NA,NA,NA,NA,"No"
965150,"Aftersun","2022-10-21",6.639,7.682,1813,0,7834405,101,NA,NA,NA,NA,"No"
876792,"That Time I Got Reincarnated as a Slime the Movie: Scarlet Bond","2022-11-25",6.5768,7.4,430,0,11628645,108,NA,NA,NA,NA,"No"
639933,"The Northman","2022-04-07",6.5249,7.032,5004,70000000,69633110,137,NA,NA,NA,NA,"No"
1007401,"Mortal Kombat Legends: Snow Blind","2022-10-09",6.2019,7.77,233,0,0,82,NA,NA,NA,NA,"No"
785084,"The Whale","2022-12-09",6.1546,7.772,4643,3000000,57615635,117,NA,NA,NA,NA,"No"
610150,"Dragon Ball Super: Super Hero","2022-06-11",6.0757,7.877,3003,0,86600000,100,NA,NA,NA,NA,"No"
682507,"Where the Crawdads Sing","2022-07-14",6.0355,7.526,2289,24000000,144353965,126,NA,NA,NA,NA,"No"
916192,"The Tunnel to Summer, the Exit of Goodbyes","2022-09-09",5.8825,7.681,273,0,872000,83,NA,NA,NA,NA,"No"
814338,"Lady Chatterley's Lover","2022-11-22",5.8654,6.7,515,0,0,126,NA,NA,NA,NA,"No"
560057,"The Sea Beast","2022-06-24",5.7629,7.324,1692,0,0,115,NA,NA,NA,NA,"No"
526896,"Morbius","2022-03-30",5.6359,5.914,4796,75000000,167635712,105,NA,NA,NA,NA,"No"
536554,"M3GAN","2022-12-28",5.6265,7.024,4777,12000000,181796517,102,NA,NA,NA,NA,"No"
718789,"Lightyear","2022-06-15",5.5867,6.875,3768,200000000,226425420,105,NA,NA,NA,NA,"No"
774825,"The Ice Age Adventures of Buck Wild","2022-01-28",5.5178,6.562,1814,0,0,82,NA,NA,NA,NA,"No"
758330,"Good Luck to You, Leo Grande","2022-06-16",5.4494,6.961,661,0,7589829,97,NA,NA,NA,NA,"No"
705861,"Hustle","2022-06-03",5.4314,7.703,2812,21000000,0,117,NA,NA,NA,NA,"No"
752623,"The Lost City","2022-03-23",5.3713,6.46,3966,74000000,192907684,112,NA,NA,NA,NA,"No"
628900,"The Contractor","2022-03-10",5.3272,6.369,1050,0,2122288,103,NA,NA,NA,NA,"No"
406759,"Moonfall","2022-02-02",5.1615,6.25,3551,146000000,67319703,131,NA,NA,NA,NA,"No"
629176,"Samaritan","2022-08-25",5.048,6.65,2183,100000000,7.5e+07,102,NA,NA,NA,NA,"No"
715931,"Emancipation","2022-12-02",4.9972,7.757,1250,0,0,132,NA,NA,NA,NA,"No"
555604,"Guillermo del Toro's Pinocchio","2022-11-09",4.9684,8.019,3308,35000000,0,117,NA,NA,NA,NA,"No"
642885,"Hocus Pocus 2","2022-09-27",4.9307,7.152,1814,30000000,0,104,NA,NA,NA,NA,"No"
619730,"Don't Worry Darling","2022-09-21",4.9064,6.772,2922,35000000,86700000,123,NA,NA,NA,NA,"No"
760161,"Orphan: First Kill","2022-07-27",4.9021,6.601,2293,10000000,9572765,99,NA,NA,NA,NA,"No"
539681,"DC League of Super-Pets","2022-07-27",4.8989,7.156,1719,90000000,2.03e+08,105,NA,NA,NA,NA,"No"
787752,"Fresh","2022-03-03",4.8575,6.97,1864,1500000,0,114,NA,NA,NA,NA,"No"
791177,"Bones and All","2022-11-18",4.8468,7.009,1619,16000000,15234907,131,NA,NA,NA,NA,"No"
829280,"Enola Holmes 2","2022-11-30",4.8416,7.294,1796,0,0,129,NA,NA,NA,NA,"No"
804095,"The Fabelmans","2022-11-11",4.8373,7.572,2748,40000000,45629909,151,NA,NA,NA,NA,"No"
823625,"Blacklight","2022-02-10",4.746,6.15,1262,43000000,15902207,104,NA,NA,NA,NA,"No"
632727,"Texas Chainsaw Massacre","2022-02-18",4.7453,5.197,1632,20000000,0,83,NA,NA,NA,NA,"No"
966220,"Sniper: The White Raven","2022-05-03",4.727,7.658,888,1000000,881,120,NA,NA,NA,NA,"No"
848116,"Rocky Aur Rani Kii Prem Kahaani","2023-07-28",72.8943,6.137,84,0,0,178,NA,NA,NA,NA,"No"
1087040,"Money Shot: The Pornhub Story","2023-03-15",55.5396,5.8,351,0,0,95,NA,NA,NA,NA,"No"
502356,"The Super Mario Bros. Movie","2023-04-05",49.8106,7.587,10572,100000000,1360879735,93,NA,NA,NA,NA,"No"
1010581,"My Fault","2023-06-08",40.0987,7.743,4044,0,0,116,NA,NA,NA,NA,"No"
1075175,"How to Have Sex","2023-11-02",35.0113,6.245,491,0,1216642,91,NA,NA,NA,NA,"No"
976912,"Graphic Desires","2023-08-31",32.5146,6.709,55,0,0,90,NA,NA,NA,NA,"No"
872585,"Oppenheimer","2023-07-19",27.5701,8.031,11684,100000000,9.52e+08,181,"2023(96th)","Oppenheimer","Emma Thomas, Charles Roven, and Christopher Nolan",2023,"Yes"
840430,"The Holdovers","2023-10-27",26.1719,7.651,2476,13000000,42513270,133,NA,NA,NA,NA,"No"
1173476,"Michael Jackson: Faking It","2023-09-10",24.8013,5.2,2,0,0,45,NA,NA,NA,NA,"No"
569094,"Spider-Man: Across the Spider-Verse","2023-05-31",23.1634,8.332,8522,100000000,690897910,140,NA,NA,NA,NA,"No"
346698,"Barbie","2023-07-19",20.9748,6.926,11030,145000000,1447138421,114,NA,NA,NA,NA,"No"
385687,"Fast X","2023-05-17",18.111,6.998,6282,340000000,704709660,142,NA,NA,NA,NA,"No"
603692,"John Wick: Chapter 4","2023-03-21",16.1734,7.706,7865,100000000,447316405,170,NA,NA,NA,NA,"No"
713704,"Evil Dead Rise","2023-04-12",15.175,6.917,3626,15000000,147156372,96,NA,NA,NA,NA,"No"
447365,"Guardians of the Galaxy Vol. 3","2023-05-03",13.8119,7.925,8234,250000000,845550000,150,NA,NA,NA,NA,"No"
1181678,"¿Quieres ser mi hijo?","2023-09-21",13.4176,8.446,326,0,0,100,NA,NA,NA,NA,"No"
976573,"Elemental","2023-06-14",13.0375,7.577,5261,200000000,496444308,102,NA,NA,NA,NA,"No"
298618,"The Flash","2023-06-13",12.8783,6.613,4958,220000000,271333313,144,NA,NA,NA,NA,"No"
1174870,"The Part of His Life He Wants to Show Me","2023-08-24",12.8182,5,3,5000,0,14,NA,NA,NA,NA,"No"
1057491,"Naughty","2023-02-14",12.6789,6.139,101,0,0,109,NA,NA,NA,NA,"No"
1072790,"Anyone But You","2023-12-21",12.5668,6.781,3035,25000000,214891370,103,NA,NA,NA,NA,"No"
940551,"Migration","2023-12-06",12.0346,7.35,2223,72000000,298776052,83,NA,NA,NA,NA,"No"
493529,"Dungeons & Dragons: Honor Among Thieves","2023-03-23",11.911,7.328,4552,151000000,208200000,134,NA,NA,NA,NA,"No"
572802,"Aquaman and the Lost Kingdom","2023-12-20",11.9003,6.522,3461,205000000,440181226,124,NA,NA,NA,NA,"No"
666277,"Past Lives","2023-06-02",11.4664,7.71,2290,12000000,28126646,106,NA,NA,NA,NA,"No"
615656,"Meg 2: The Trench","2023-08-02",11.224,6.38,3938,129000000,398500317,116,NA,NA,NA,NA,"No"
447277,"The Little Mermaid","2023-05-18",11.0451,6.275,3295,297000000,569626289,135,NA,NA,NA,NA,"No"
926393,"The Equalizer 3","2023-08-30",10.9219,7.287,3684,70000000,191067560,109,NA,NA,NA,NA,"No"
812037,"Last Summer","2023-09-13",10.8926,6.08,244,0,1022551,104,NA,NA,NA,NA,"No"
508883,"The Boy and the Heron","2023-07-14",10.8807,7.403,2610,50000000,294200000,124,NA,NA,NA,NA,"No"
964980,"Air","2023-04-05",10.8038,7.282,2310,80000000,90100000,112,NA,NA,NA,NA,"No"
940721,"Godzilla Minus One","2023-11-03",10.7797,7.568,3128,15000000,113676322,125,NA,NA,NA,NA,"No"
787699,"Wonka","2023-12-06",10.7647,7.038,4359,125000000,634502312,117,NA,NA,NA,NA,"No"
667538,"Transformers: Rise of the Beasts","2023-06-06",10.5468,7.171,5242,195000000,441381193,127,NA,NA,NA,NA,"No"
507089,"Five Nights at Freddy's","2023-10-25",10.3447,7.327,4987,20000000,297242145,110,NA,NA,NA,NA,"No"
575264,"Mission: Impossible - Dead Reckoning Part One","2023-07-08",10.3387,7.502,5074,220000000,571125435,164,NA,NA,NA,NA,"No"
934433,"Scream VI","2023-03-08",9.7919,6.95,3155,33000000,169063850,123,NA,NA,NA,NA,"No"
980489,"Gran Turismo","2023-08-09",9.5903,7.704,3356,60000000,121700000,135,NA,NA,NA,NA,"No"
1029575,"The Family Plan","2023-12-14",9.5676,7.217,1863,0,0,118,NA,NA,NA,NA,"No"
792307,"Poor Things","2023-12-07",9.409,7.645,5448,35000000,117607117,141,NA,NA,NA,NA,"No"
1231914,"Female Workers: Romance at Work 3","2023-11-25",9.2282,4,1,0,0,62,NA,NA,NA,NA,"No"
1232221,"Mother-in-law in Love With Son-in-law 4","2023-12-26",9.0817,4,1,0,0,71,NA,NA,NA,NA,"No"
1192548,"Hannah Waddingham: Home for Christmas","2023-11-21",8.9678,6.147,17,0,0,44,NA,NA,NA,NA,"No"
1135873,"GGS - Ganteng-Ganteng Sange","2023-05-28",8.9171,6.1,7,0,0,28,NA,NA,NA,NA,"No"
1050035,"Monster","2023-06-02",8.7148,7.918,870,0,0,125,NA,NA,NA,NA,"No"
670292,"The Creator","2023-09-27",8.5988,7.006,3789,80000000,104272136,134,NA,NA,NA,NA,"No"
950891,"The Sales Girl","2023-11-15",8.5814,0,0,0,0,123,NA,NA,NA,NA,"No"
609681,"The Marvels","2023-11-08",8.3116,5.94,3341,274800000,206136825,105,NA,NA,NA,NA,"No"
640146,"Ant-Man and the Wasp: Quantumania","2023-02-15",8.2101,6.228,5790,200000000,476071180,125,NA,NA,NA,NA,"No"
1236814,"Swapping Workshop for Middle-aged Couples","2023-04-21",8.2036,9,1,0,0,69,NA,NA,NA,NA,"No"
868759,"Ghosted","2023-04-18",8.1483,6.876,2167,40000000,0,117,NA,NA,NA,NA,"No"
299054,"Expend4bles","2023-09-15",8.1419,6.072,1867,100000000,37917985,103,NA,NA,NA,NA,"No"
882569,"Guy Ritchie's The Covenant","2023-04-19",8.006,7.719,3141,55000000,21948551,123,NA,NA,NA,NA,"No"
700391,"65","2023-03-02",7.9971,5.949,2820,45000000,60730568,92,NA,NA,NA,NA,"No"
930094,"Red, White & Royal Blue","2023-07-27",7.9127,7.926,1538,20000000,0,118,NA,NA,NA,NA,"No"
877703,"Teen Wolf: The Movie","2023-01-18",7.8908,7.471,953,15000000,0,140,NA,NA,NA,NA,"No"
1079536,"Too Beautiful To Lie","2023-05-20",7.7723,7.5,2,0,0,106,NA,NA,NA,NA,"No"
466420,"Killers of the Flower Moon","2023-10-18",7.7704,7.399,4091,200000000,158722599,206,NA,NA,NA,NA,"No"
697843,"Extraction 2","2023-06-09",7.6688,7.38,2873,65000000,0,122,NA,NA,NA,NA,"No"
1137861,"Maalai Nera Malipoo","2023-06-09",7.6113,6.5,2,0,0,119,NA,NA,NA,NA,"No"
974931,"Totally Killer","2023-09-28",7.6022,6.804,1095,0,0,104,NA,NA,NA,NA,"No"
1186067,"Mr. Greenberg's Basement","2023-10-19",7.5588,3.5,4,0,0,99,NA,NA,NA,NA,"No"
646389,"Plane","2023-01-11",7.5578,6.897,2640,25000000,74515586,107,NA,NA,NA,NA,"No"
1008042,"Talk to Me","2023-07-26",7.5515,7.135,3698,4500000,91959188,95,NA,NA,NA,NA,"No"
1196656,"Sugar Baby","2023-11-24",7.4512,5.222,9,0,0,114,NA,NA,NA,NA,"No"
812225,"Black Clover: Sword of the Wizard King","2023-06-16",7.3588,8.079,372,0,0,113,NA,NA,NA,NA,"No"
968051,"The Nun II","2023-09-06",7.2713,6.645,2446,38500000,269670590,110,NA,NA,NA,NA,"No"
695721,"The Hunger Games: The Ballad of Songbirds & Snakes","2023-11-15",7.0571,6.984,3475,100000000,337371917,157,NA,NA,NA,NA,"No"
1187075,"MAD","2023-10-06",6.9682,6.462,26,0,0,124,NA,NA,NA,NA,"No"
976893,"Perfect Days","2023-11-10",6.826,7.792,1883,14000000,24094016,124,NA,NA,NA,NA,"No"
753342,"Napoleon","2023-11-22",6.8124,6.306,3067,165000000,222435664,158,NA,NA,NA,NA,"No"
842675,"The Wandering Earth II","2023-01-22",6.7996,7.295,711,73800000,6.65e+08,174,NA,NA,NA,NA,"No"
594767,"Shazam! Fury of the Gods","2023-03-15",6.7611,6.421,3620,110000000,134221819,130,NA,NA,NA,NA,"No"
893723,"PAW Patrol: The Mighty Movie","2023-09-21",6.7094,6.982,542,30000000,202231360,88,NA,NA,NA,NA,"No"
1158166,"A Big Gay Hairy Hit! Where the Bears Are: The Documentary","2023-09-23",6.7033,9,3,0,0,93,NA,NA,NA,NA,"No"
1091508,"Love Never Ends","2023-06-10",6.6795,7,16,0,0,116,NA,NA,NA,NA,"No"
677179,"Creed III","2023-03-01",6.6795,7.08,2855,75000000,275300000,116,NA,NA,NA,NA,"No"
1173558,"Burning Betrayal","2023-10-25",6.64,6.222,239,0,0,99,NA,NA,NA,NA,"No"
1078023,"The King of Snipers","2023-01-24",6.5199,5.636,11,0,0,98,NA,NA,NA,NA,"No"
335977,"Indiana Jones and the Dial of Destiny","2023-06-25",6.5089,6.513,4118,294700000,383963057,155,NA,NA,NA,NA,"No"
897160,"Brave Citizen","2023-10-25",6.4881,7.55,130,0,2116112,112,NA,NA,NA,NA,"No"
496450,"Miraculous: Ladybug & Cat Noir, The Movie","2023-07-05",6.4583,7.6,945,86000000,40208268,105,NA,NA,NA,NA,"No"
820525,"After Everything","2023-09-13",6.4308,6.885,992,14000000,10644463,93,NA,NA,NA,NA,"No"
901362,"Trolls Band Together","2023-10-12",6.404,7.2,975,95000000,210231405,91,NA,NA,NA,NA,"No"
614479,"Insidious: The Red Door","2023-07-05",6.3951,6.513,1947,16000000,189086877,107,NA,NA,NA,NA,"No"
951491,"Saw X","2023-09-27",6.3257,7.164,2344,13000000,125319714,118,NA,NA,NA,NA,"No"
930564,"Saltburn","2023-11-16",6.2521,6.956,2905,20000000,21013738,131,NA,NA,NA,NA,"No"
931102,"Ride On","2023-04-07",6.1753,7.2,406,0,36232675,126,NA,NA,NA,NA,"No"
960292,"My Sole Desire","2023-04-05",6.1163,6.519,107,0,0,119,NA,NA,NA,NA,"No"
1022796,"Wish","2023-11-13",6.0867,6.218,1769,175000000,254997360,95,NA,NA,NA,NA,"No"
884605,"No Hard Feelings","2023-06-15",6.0567,6.677,3782,45000000,8.3e+07,103,NA,NA,NA,NA,"No"
839369,"May December","2023-11-16",5.9967,6.578,1020,20000000,4232370,117,NA,NA,NA,NA,"No"
955555,"The Roundup 3: No Way Out","2023-05-31",5.9763,7.203,536,0,83410298,105,NA,NA,NA,NA,"No"
1034062,"Mortal Kombat Legends: Cage Match","2023-10-17",5.9074,6.764,146,0,0,80,NA,NA,NA,NA,"No"
726209,"Leave the World Behind","2023-11-22",5.902,6.38,3195,0,0,140,NA,NA,NA,NA,"No"
1047041,"Detective Conan: Black Iron Submarine","2023-04-14",5.6931,7.004,139,0,106771806,110,NA,NA,NA,NA,"No"
796185,"The Three Musketeers: D'Artagnan","2023-04-05",5.659,6.926,1386,27500000,31843086,121,NA,NA,NA,NA,"No"
915935,"Anatomy of a Fall","2023-08-23",5.6393,7.523,3258,6700000,35634133,151,NA,NA,NA,NA,"No"
739405,"Operation Fortune: Ruse de Guerre","2023-01-04",5.6349,6.462,1921,50000000,48983306,114,NA,NA,NA,NA,"No"
866463,"Reptile","2023-09-29",5.6265,6.671,1207,0,0,136,NA,NA,NA,NA,"No"
1173559,"Insidious Inferno","2024-11-29",84.6705,6.154,13,0,0,97,NA,NA,NA,NA,"No"
1241752,"Rita","2024-03-22",84.2402,6.1,21,0,0,113,NA,NA,NA,NA,"No"
1292662,"Slaughterhouse On The Hill","2024-05-03",55.3769,5.375,8,0,0,72,NA,NA,NA,NA,"No"
1270125,"Monster on a Plane","2024-11-07",47.5681,4.6,40,0,0,88,NA,NA,NA,NA,"No"
1266992,"Balinsasayaw","2024-05-17",46.6305,6.833,6,0,0,98,NA,NA,NA,NA,"No"
1002398,"Donselya","2024-10-29",30.7614,6.45,20,0,0,99,NA,NA,NA,NA,"No"
533535,"Deadpool & Wolverine","2024-07-24",30.6917,7.557,8547,200000000,1338073645,128,NA,NA,NA,NA,"No"
1022789,"Inside Out 2","2024-06-11",28.0337,7.5,6630,200000000,1698863816,97,NA,NA,NA,NA,"No"
1011985,"Kung Fu Panda 4","2024-03-02",27.7738,7,3465,80000000,548040835,94,NA,NA,NA,NA,"No"
866398,"The Beekeeper","2024-01-08",26.24,7.24,4157,35000000,162619535,106,NA,NA,NA,NA,"No"
519182,"Despicable Me 4","2024-06-20",23.547,6.985,3173,100000000,972021410,94,NA,NA,NA,NA,"No"
1241982,"Moana 2","2024-11-21",22.2899,6.998,3042,150000000,1059242164,100,NA,NA,NA,NA,"No"
1358280,"Taboo: Family Secrets","2024-10-22",21.2358,5.7,7,0,0,95,NA,NA,NA,NA,"No"
693134,"Dune: Part Two","2024-02-27",21.2076,8.125,7868,190000000,714844358,167,NA,NA,NA,NA,"No"
1184918,"The Wild Robot","2024-09-12",21.1385,8.304,5984,78000000,331982078,102,NA,NA,NA,NA,"No"
402431,"Wicked","2024-10-16",21.0701,6.908,2996,150000000,758827029,162,NA,NA,NA,NA,"No"
939243,"Sonic the Hedgehog 3","2024-12-19",20.7453,7.61,3240,122000000,492162604,110,NA,NA,NA,NA,"No"
1156593,"Your Fault","2024-12-26",19.0475,7.084,1536,0,0,117,NA,NA,NA,NA,"No"
1357633,"Solo Leveling -ReAwakening-","2024-11-26",18.3998,7.14,267,0,6331827,116,NA,NA,NA,NA,"No"
936245,"Hidden Face","2024-11-20",17.0907,5.1,66,0,0,113,NA,NA,NA,NA,"No"
843527,"The Idea of You","2024-05-02",16.6634,7.302,1920,0,36178,116,NA,NA,NA,NA,"No"
912649,"Venom: The Last Dance","2024-10-22",16.5797,6.656,4165,120000000,478937618,109,NA,NA,NA,NA,"No"
974576,"Conclave","2024-10-25",16.489,7.186,3359,20000000,115657988,120,NA,NA,NA,NA,"No"
823464,"Godzilla x Kong: The New Empire","2024-03-27",16.1416,7.045,4620,150000000,571750016,115,NA,NA,NA,NA,"No"
1371534,"He Sees You When You're Sleeping","2024-11-01",15.7846,6.538,13,0,0,83,NA,NA,NA,NA,"No"
359410,"Road House","2024-03-08",15.3546,6.923,2979,85000000,0,121,NA,NA,NA,NA,"No"
1252309,"Tell Me What You Want","2024-11-29",15.1021,6.138,286,0,2265661,114,NA,NA,NA,NA,"No"
558449,"Gladiator II","2024-11-13",14.273,6.614,4368,310000000,462180717,148,NA,NA,NA,NA,"No"
945961,"Alien: Romulus","2024-08-13",14.2055,7.164,4493,80000000,350865342,119,NA,NA,NA,NA,"No"
933260,"The Substance","2024-09-07",14.1692,7.134,5930,17500000,77316812,141,NA,NA,NA,NA,"No"
823219,"Flow","2024-08-29",13.7092,8.084,2773,3700000,17660107,85,NA,NA,NA,NA,"No"
762509,"Mufasa: The Lion King","2024-12-18",13.2605,7.303,2633,200000000,722631756,118,NA,NA,NA,NA,"No"
573435,"Bad Boys: Ride or Die","2024-06-05",13.0472,7.323,3308,100000000,404547819,116,NA,NA,NA,NA,"No"
539972,"Kraven the Hunter","2024-12-11",12.6832,6.434,2310,130000000,62076533,127,NA,NA,NA,NA,"No"
1266990,"Kulong","2024-05-24",12.5886,6.417,18,0,0,48,NA,NA,NA,NA,"No"
786892,"Furiosa: A Mad Max Saga","2024-05-22",12.3193,7.45,4819,168000000,174287546,149,NA,NA,NA,NA,"No"
653346,"Kingdom of the Planet of the Apes","2024-05-08",12.2768,7.053,4222,160000000,397378150,145,NA,NA,NA,NA,"No"
1034541,"Terrifier 3","2024-10-09",12.2252,6.785,1927,2000000,90322103,125,NA,NA,NA,NA,"No"
673593,"Mean Girls","2024-01-10",12.0173,5.88,716,36000000,104970953,113,NA,NA,NA,NA,"No"
1226578,"Longlegs","2024-07-10",11.8674,6.53,2610,10000000,127961936,101,NA,NA,NA,NA,"No"
1064213,"Anora","2024-10-14",11.8355,7.062,3107,6000000,56286295,139,"2024(97th)","Anora","Alex Coco, Samantha Quan, and Sean Baker",2024,"Yes"
560016,"Monkey Man","2024-04-03",11.82,6.879,1388,10000000,35271631,122,NA,NA,NA,NA,"No"
1302007,"Kaulayaw","2024-07-18",11.1564,5.833,6,0,0,48,NA,NA,NA,NA,"No"
1146239,"Don't Mess with Grandma","2024-09-20",10.9953,6.105,19,1500000,0,81,NA,NA,NA,NA,"No"
1064028,"Subservience","2024-08-15",10.9875,6.619,987,4400000,262793,105,NA,NA,NA,NA,"No"
746036,"The Fall Guy","2024-04-24",10.9868,6.958,3696,125000000,181073291,127,NA,NA,NA,NA,"No"
1308821,"First Taste","2024-07-07",10.6413,5.389,9,0,0,99,NA,NA,NA,NA,"No"
877817,"Wolfs","2024-09-20",10.3782,6.537,1417,80000000,0,108,NA,NA,NA,NA,"No"
1097549,"Babygirl","2024-12-25",10.0308,5.699,1178,20000000,60934894,115,NA,NA,NA,NA,"No"
1100782,"Smile 2","2024-10-16",9.7941,6.584,2121,28000000,138128854,127,NA,NA,NA,NA,"No"
845781,"Red One","2024-10-31",9.6955,6.987,3022,250000000,185700759,124,NA,NA,NA,NA,"No"
1232889,"Malta","2024-03-08",9.5345,5.4,8,0,0,97,NA,NA,NA,NA,"No"
698687,"Transformers One","2024-09-11",9.5201,7.964,1595,75000000,129408392,104,NA,NA,NA,NA,"No"
1101448,"Unstoppable","2024-12-06",9.2839,5.257,169,0,0,123,NA,NA,NA,NA,"No"
426063,"Nosferatu","2024-12-25",9.2609,6.7,3610,50000000,181805645,133,NA,NA,NA,NA,"No"
889737,"Joker: Folie à Deux","2024-10-01",9.2056,5.405,2891,190000000,207500287,138,NA,NA,NA,NA,"No"
748783,"The Garfield Movie","2024-04-30",9.1265,6.996,1425,60000000,254907482,101,NA,NA,NA,NA,"No"
1008953,"Incoming","2024-08-22",8.7021,6.245,353,0,0,92,NA,NA,NA,NA,"No"
937287,"Challengers","2024-04-18",8.6614,6.9,2658,55000000,94182533,132,NA,NA,NA,NA,"No"
917496,"Beetlejuice Beetlejuice","2024-09-04",8.5938,6.936,3089,99000000,452000435,105,NA,NA,NA,NA,"No"
1079091,"It Ends with Us","2024-08-07",8.5714,6.937,1910,55000000,351441044,131,NA,NA,NA,NA,"No"
718821,"Twisters","2024-07-10",8.5223,6.777,2945,155000000,372262265,123,NA,NA,NA,NA,"No"
1159311,"My Hero Academia: You're Next","2024-08-02",8.5021,7.183,208,0,32224616,110,NA,NA,NA,NA,"No"
1381216,"Gator Lake","2024-05-01",8.3652,6.3,45,1250000,0,87,NA,NA,NA,NA,"No"
1084736,"The Count of Monte Cristo","2024-06-28",8.3501,7.91,2004,46000000,75360860,178,NA,NA,NA,NA,"No"
605722,"Long Distance","2024-07-12",8.3069,6.435,245,0,0,87,NA,NA,NA,NA,"No"
929590,"Civil War","2024-04-10",8.2084,6.858,4284,50000000,126542249,109,NA,NA,NA,NA,"No"
1128650,"The Prosecutor","2024-12-08",8.0391,6.973,200,38500000,128093757,117,NA,NA,NA,NA,"No"
1244492,"Look Back","2024-06-28",8.0048,8.058,530,0,12648664,58,NA,NA,NA,NA,"No"
1252428,"Anaconda","2024-03-01",7.98,7,138,30000000,0,84,NA,NA,NA,NA,"No"
762441,"A Quiet Place: Day One","2024-06-26",7.9568,6.65,3299,67000000,261907653,100,NA,NA,NA,NA,"No"
1010600,"The Strangers: Chapter 1","2024-05-15",7.946,5.668,747,8500000,48166448,91,NA,NA,NA,NA,"No"
1278101,"Big World","2024-12-27",7.64,8.066,76,7000000,109500000,131,NA,NA,NA,NA,"No"
1014505,"OVERLORD: The Sacred Kingdom","2024-09-20",7.6366,7.828,174,0,7614966,134,NA,NA,NA,NA,"No"
1305194,"My Cousin the Sexologist 2","2024-05-15",7.5643,7.127,118,0,0,106,NA,NA,NA,NA,"No"
838209,"Exhuma","2024-02-22",7.5469,7.5,668,0,97974828,134,NA,NA,NA,NA,"No"
1167898,"Straight","2024-11-21",7.4995,7,20,0,0,93,NA,NA,NA,NA,"No"
799583,"The Ministry of Ungentlemanly Warfare","2024-04-18",7.4508,7.016,1858,60000000,29768915,120,NA,NA,NA,NA,"No"
1174024,"Maybe More","2024-04-03",7.1828,5.816,106,0,0,77,NA,NA,NA,NA,"No"
639720,"IF","2024-05-08",7.118,6.963,1589,110000000,190309707,104,NA,NA,NA,NA,"No"
1382406,"Striking Rescue","2024-12-05",6.9677,7.46,162,0,0,111,NA,NA,NA,NA,"No"
1118031,"Apocalypse Z: The Beginning of the End","2024-10-04",6.9607,6.723,1231,0,5e+05,119,NA,NA,NA,NA,"No"
1138194,"Heretic","2024-10-31",6.9515,6.976,2603,10000000,51913394,111,NA,NA,NA,NA,"No"
923667,"Twilight of the Warriors: Walled In","2024-05-01",6.9443,7.005,438,38400000,95399186,126,NA,NA,NA,NA,"No"
1111873,"Abigail","2024-04-16",6.7852,6.67,2043,28000000,43015969,109,NA,NA,NA,NA,"No"
1294705,"Kıyma: Orman Kanunları","2024-05-23",6.6753,4,2,0,0,0,NA,NA,NA,NA,"No"
1012201,"HAIKYU!! The Dumpster Battle","2024-02-16",6.6519,7.696,240,5000000,100255784,84,NA,NA,NA,NA,"No"
1405185,"Mama's Boy","2024-12-31",6.6062,3.3,3,0,0,76,NA,NA,NA,NA,"No"
634492,"Madame Web","2024-02-14",6.59,5.296,2552,80000000,100498764,117,NA,NA,NA,NA,"No"
848538,"Argylle","2024-01-31",6.5855,5.992,1725,200000000,96221061,139,NA,NA,NA,NA,"No"
1147710,"Hijack 1971","2024-06-21",6.5773,6.656,144,0,14602614,100,NA,NA,NA,NA,"No"
1226293,"Salitan","2024-02-16",6.4684,4.714,7,0,0,105,NA,NA,NA,NA,"No"
969492,"Land of Bad","2024-02-09",6.3534,7.247,1462,18000000,7021101,113,NA,NA,NA,NA,"No"
1333100,"Attack on Titan: THE LAST ATTACK","2024-03-20",6.2619,8.71,188,0,21525687,145,NA,NA,NA,NA,"No"
1104844,"BLUE LOCK THE MOVIE -EPISODE NAGI-","2024-04-19",6.237,7.409,225,0,14291561,91,NA,NA,NA,NA,"No"
799766,"Better Man","2024-12-06",6.2173,7.625,830,110000000,22549151,135,NA,NA,NA,NA,"No"
1032823,"Trap","2024-07-31",6.161,6.236,2787,30000000,83677281,105,NA,NA,NA,NA,"No"
1035048,"Elevation","2024-11-07",6.1468,6.418,954,18000000,3300000,91,NA,NA,NA,NA,"No"
1285366,"Shape of My Heart","2024-07-06",6.1356,5,3,0,0,91,NA,NA,NA,NA,"No"
967847,"Ghostbusters: Frozen Empire","2024-03-20",6.1275,6.451,2142,100000000,201967521,115,NA,NA,NA,NA,"No"
